"team","season","wins","loses","points_pg","opponent_points_pg","avg_fg_pct","avg_three_point_pct","avg_offensive_rebounds","avg_defensive_rebounds","avg_apg","avg_spg","avg_bpg","avg_to","off_rating_est","def_rating_est","net_rating"
"ATL","2022-23",41,41,118.4268,118.1341,0.4843,0.3534,11.2195,33.1585,24.9878,7.0732,4.8902,12.9268,113.9389,113.6577,0.2812
"BKN","2022-23",45,37,113.3537,112.5,0.4885,0.3801,8.2195,32.2927,25.5244,7.1341,6.1707,13.7439,112.4597,111.4828,0.9769
"BOS","2022-23",57,25,117.939,111.4146,0.4763,0.3754,9.7073,35.6220,26.6585,6.3537,5.2439,13.3537,115.6402,109.1127,6.5275
"CHA","2022-23",27,55,110.9512,117.1951,0.4583,0.3295,10.9878,33.5488,25.1463,7.7317,5.1829,14.1951,106.6681,112.753,-6.0848
"CHI","2022-23",40,42,113.122,111.8293,0.4915,0.3570,8.4634,33.8902,24.4634,7.8537,4.5244,13.3780,111.2904,109.9664,1.3241
"CLE","2022-23",51,31,112.2561,106.878,0.4895,0.3663,9.6951,31.3902,24.9390,7.1463,4.6829,13.3415,113.4593,108.0395,5.4198
"DAL","2022-23",38,44,114.2195,114.1463,0.4763,0.3713,7.6220,31.1707,22.9268,6.2683,3.7073,12.2195,114.2299,114.1769,0.0531
"DEN","2022-23",53,29,115.7927,112.4634,0.5054,0.3760,10.0976,32.9146,28.8780,7.5366,4.4878,14.5366,115.0079,111.7774,3.2305
"DET","2022-23",17,65,110.3049,118.5244,0.4548,0.3479,11.1707,31.2683,22.9756,7.0000,3.7561,15.0854,107.9082,115.9962,-8.088
"GSW","2022-23",44,38,118.939,117.1341,0.4798,0.3846,10.5366,34.0610,29.8293,7.1707,3.9390,16.2927,113.4038,111.6992,1.7046
"HOU","2022-23",22,60,110.7439,118.5976,0.4572,0.3231,13.4146,32.8659,22.3780,7.3171,4.5610,16.2439,108.4048,116.1563,-7.7515
"IND","2022-23",35,47,116.2805,119.4634,0.4699,0.3660,10.1463,31.4024,26.9878,7.6951,5.8293,14.9268,111.7227,114.7588,-3.0361
"LAC","2022-23",44,38,113.5854,113.0854,0.4791,0.3768,9.7927,33.4390,23.8902,7.0732,4.4390,14.2317,112.4978,111.9958,0.502
"LAL","2022-23",43,39,117.1707,116.5976,0.4831,0.3480,9.9756,35.7317,25.2683,6.4146,4.6098,14.0732,112.0846,111.5355,0.5491
"MEM","2022-23",51,31,116.9146,112.9756,0.4752,0.3498,12.0488,34.5732,26.0366,8.2927,5.7683,13.6098,112.2731,108.4758,3.7973
"MIA","2022-23",44,38,109.4756,109.7927,0.4605,0.3443,9.7073,30.8902,23.8415,7.9878,2.9634,13.4878,110.4392,110.8112,-0.372
"MIL","2022-23",58,24,116.939,113.3049,0.4741,0.3679,11.1463,37.4878,25.7927,6.3537,4.9146,14.6220,112.8734,109.4573,3.4161
"MIN","2022-23",42,40,115.7805,115.8171,0.4920,0.3635,9.1341,32.7561,26.1585,8.0122,5.4146,15.3415,111.2362,111.2304,0.0058
"NOP","2022-23",42,40,114.3659,112.4756,0.4814,0.3616,10.5610,33.1341,25.8780,8.3049,4.1098,14.5854,111.8361,109.9944,1.8417
"NYK","2022-23",47,35,116.0244,113.0976,0.4711,0.3538,12.5732,34.0244,22.9268,6.4268,4.1463,12.9878,114.8393,111.9011,2.9382
"OKC","2022-23",40,42,117.4756,116.3902,0.4666,0.3569,11.3902,32.2561,24.4146,8.2439,4.1585,13.0366,112.3587,111.3816,0.9771
"ORL","2022-23",34,48,111.4146,113.9756,0.4715,0.3481,10.1585,33.0854,23.2439,7.3537,4.6585,15.0732,109.0099,111.5257,-2.5158
"PHI","2022-23",54,28,115.2195,110.9024,0.4877,0.3850,8.7195,32.2073,25.1585,7.7439,4.7439,13.6707,115.0857,110.8866,4.1991
"PHX","2022-23",45,37,113.6463,111.5732,0.4681,0.3713,11.8415,32.4024,27.2561,7.1341,5.2683,13.5366,112.1504,110.1212,2.0293
"POR","2022-23",33,49,113.4024,117.4146,0.4748,0.3641,9.4390,31.1098,24.1585,6.7439,4.5854,14.4512,112.1181,116.0884,-3.9702
"SAC","2022-23",48,34,120.7073,118.061,0.4946,0.3677,9.5366,32.9146,27.2805,7.0000,3.3537,13.4878,116.7898,114.3637,2.4261
"SAS","2022-23",22,60,113.0366,123.0732,0.4674,0.3465,11.7683,31.9390,27.2195,6.9756,3.9268,15.2805,107.8133,117.4076,-9.5943
"TOR","2022-23",41,41,112.8537,111.378,0.4596,0.3362,12.7195,30.3049,23.9146,9.4146,5.1707,11.6585,112.6617,111.1954,1.4663
"UTA","2022-23",37,45,117.0732,118.0122,0.4741,0.3520,11.8049,34.0732,25.9634,6.0976,5.2317,15.3537,112.8933,113.8916,-0.9983
"WAS","2022-23",35,47,113.1585,114.3659,0.4869,0.3542,9.4390,34.1951,25.4024,6.8415,5.1707,14.1220,111.9053,113.1598,-1.2546
"ATL","2023-24",36,46,118.3293,120.5122,0.4664,0.3642,12.4878,32.1829,26.5854,7.5000,4.5000,13.5366,114.2917,116.3323,-2.0406
"BKN","2023-24",32,50,110.3659,113.2561,0.4571,0.3618,11.4390,32.6220,25.6341,6.7805,5.1707,13.1220,110.3219,113.2073,-2.8855
"BOS","2023-24",64,18,120.5732,109.2317,0.4877,0.3876,10.6829,35.6463,26.9146,6.7927,6.5610,11.9390,120.3694,109.0136,11.3558
"CHA","2023-24",21,61,106.5854,116.8293,0.4612,0.3534,9.3293,30.9512,24.7927,6.8537,4.5244,13.7683,106.9634,117.2794,-10.316
"CHI","2023-24",39,43,112.2683,113.7073,0.4714,0.3569,11.1707,32.6463,24.9756,7.7805,4.8049,12.2439,112.1517,113.7277,-1.576
"CLE","2023-24",48,34,112.6341,110.2195,0.4795,0.3664,9.8415,33.4390,28.0366,7.3780,4.6341,13.5610,112.5662,110.2377,2.3284
"DAL","2023-24",50,32,117.8537,115.6463,0.4815,0.3670,9.7195,33.2195,25.6829,6.8659,4.9512,12.5244,114.9325,112.8788,2.0537
"DEN","2023-24",57,25,114.8537,109.5976,0.4970,0.3733,10.7439,33.6951,29.4512,7.1341,5.5732,12.6341,115.7723,110.5014,5.2709
"DET","2023-24",14,68,109.878,118.9878,0.4640,0.3488,10.5000,32.8293,25.4634,6.4756,4.6829,15.2195,107.1315,115.9541,-8.8226
"GSW","2023-24",46,36,117.7683,115.1585,0.4779,0.3791,12.1463,34.5610,29.2927,6.9756,4.5976,14.3171,114.933,112.3093,2.6236
"HOU","2023-24",41,41,114.3293,113.2073,0.4595,0.3521,11.4634,33.9878,24.8171,7.7927,4.5732,12.7439,111.687,110.5742,1.1128
"IND","2023-24",47,35,123.2927,120.2439,0.5085,0.3729,10.0854,31.4390,30.7561,7.6951,5.8659,12.9146,118.1113,115.2116,2.8997
"LAC","2023-24",51,31,115.622,112.3415,0.4891,0.3824,10.0244,32.9390,25.5732,7.8049,5.0366,13.1463,115.8585,112.7017,3.1568
"LAL","2023-24",47,35,118.0366,117.439,0.4996,0.3743,8.2439,34.8659,28.5366,7.3780,5.5244,13.9756,113.424,112.9561,0.4679
"MEM","2023-24",27,55,105.8171,112.8171,0.4352,0.3452,10.9268,31.6829,24.6951,8.2073,6.1098,15.0732,104.5449,111.4952,-6.9504
"MIA","2023-24",46,36,110.1463,108.3902,0.4655,0.3700,9.3415,32.9512,25.8049,7.5244,3.4146,12.6585,111.4327,109.8203,1.6124
"MIL","2023-24",49,33,118.9756,116.3537,0.4880,0.3727,9.4146,34.7561,26.5366,6.8049,5.0366,12.9146,115.7387,113.1868,2.5519
"MIN","2023-24",56,26,112.9756,106.5244,0.4865,0.3870,9.3902,34.2317,26.6341,7.8902,6.0610,14.1707,112.9686,106.515,6.4536
"NOP","2023-24",49,33,115.0732,110.6585,0.4868,0.3781,10.3902,33.5732,26.9512,8.3415,4.6098,13.0122,114.7449,110.2879,4.457
"NYK","2023-24",50,32,112.7927,108.2073,0.4663,0.3695,12.6707,32.5000,24.3659,7.4634,4.0976,13.2317,115.0157,110.2736,4.7421
"OKC","2023-24",57,25,120.0854,112.6707,0.5000,0.3872,8.8049,33.2317,27.1098,8.4634,6.5610,12.6707,116.6302,109.5637,7.0665
"ORL","2023-24",47,35,110.4634,108.439,0.4778,0.3522,10.5000,31.8049,24.6707,8.1585,5.1585,14.7073,110.6123,108.5875,2.0247
"PHI","2023-24",47,35,114.5976,111.5488,0.4655,0.3600,11.0488,31.9024,24.8902,8.4634,6.0000,12.0000,113.8438,110.9254,2.9184
"PHX","2023-24",49,33,116.2439,113.1829,0.4945,0.3799,10.1341,33.9390,27.0488,7.4390,6.0000,14.8902,114.8726,111.8674,3.0052
"POR","2023-24",21,61,106.3659,115.3902,0.4397,0.3457,12.6341,30.1098,23.0976,7.6463,4.3171,15.2317,105.3043,114.2528,-8.9485
"SAC","2023-24",46,36,116.561,114.8171,0.4767,0.3656,10.8293,33.1585,28.3415,7.6220,4.1707,13.1463,114.1716,112.5483,1.6233
"SAS","2023-24",22,60,112.0976,118.5854,0.4634,0.3488,10.3537,33.8780,29.8659,7.1220,6.3415,15.1463,107.6751,113.8266,-6.1515
"TOR","2023-24",25,57,112.3537,118.7927,0.4717,0.3458,10.8659,31.7927,28.4756,7.7317,4.7317,13.9878,109.6741,116.0169,-6.3427
"UTA","2023-24",31,51,115.6585,120.5488,0.4676,0.3531,12.2195,33.2317,27.2195,6.5488,5.5854,15.6707,112.4622,117.308,-4.8458
"WAS","2023-24",15,67,113.7439,123.0366,0.4708,0.3475,9.2073,31.8659,27.9024,7.5976,5.0610,13.9878,108.066,116.9111,-8.8452
"ATL","2024-25",40,42,118.1829,119.3171,0.4736,0.3571,11.8780,32.6220,29.5854,9.7317,5.1098,15.5244,111.8184,112.7962,-0.9777
"BKN","2024-25",26,56,105.1098,112.2195,0.4382,0.3424,10.9024,30.4024,25.1585,7.7927,4.2927,15.1707,105.753,112.8042,-7.0512
"BOS","2024-25",61,21,116.2683,107.1585,0.4631,0.3691,11.3780,33.9390,26.1463,7.1829,5.5122,11.8659,117.5429,108.2825,9.2604
"CHA","2024-25",19,63,105.0976,114.2073,0.4310,0.3372,12.2317,32.9634,24.3171,7.4024,4.4878,15.5000,104.4043,113.451,-9.0468
"CHI","2024-25",39,43,117.8049,119.3659,0.4706,0.3685,10.0610,35.7927,29.0610,7.5732,4.7073,14.6707,111.6012,113.0647,-1.4635
"CLE","2024-25",64,18,121.939,112.4024,0.4915,0.3846,11.1829,34.2195,28.0976,8.1707,4.2683,13.1951,118.754,109.4509,9.3031
"DAL","2024-25",39,43,114.1951,115.3902,0.4798,0.3625,10.0976,32.9512,25.2439,7.7561,5.4268,14.0366,112.0448,113.1769,-1.1321
"DEN","2024-25",50,32,120.7561,116.8659,0.5073,0.3766,11.2073,34.5366,31.0000,8.0000,4.9024,14.2561,117.0429,113.3551,3.6879
"DET","2024-25",44,38,115.5,113.5976,0.4771,0.3624,11.3537,33.4024,26.4024,7.9512,5.2561,14.8659,112.0276,110.1574,1.8703
"GSW","2024-25",48,34,113.7927,110.4878,0.4516,0.3630,12.5488,32.8293,29.0976,9.4024,4.7683,14.0488,112.1016,108.9199,3.1817
"HOU","2024-25",52,30,114.2927,109.7805,0.4551,0.3525,14.6341,33.8293,23.3415,8.4024,5.0122,13.8902,111.8648,107.6237,4.2411
"IND","2024-25",50,32,117.3659,115.1341,0.4884,0.3668,9.1707,32.6585,29.2439,8.4634,5.4634,13.1951,113.9851,111.7175,2.2677
"LAC","2024-25",50,32,112.878,108.2195,0.4831,0.3773,10.2561,33.5366,25.1707,9.4268,4.5122,14.8780,112.5535,107.895,4.6585
"LAL","2024-25",50,32,113.3902,112.1707,0.4797,0.3648,9.6585,32.7683,25.9878,7.7195,4.4756,13.9634,112.9974,111.8327,1.1647
"MEM","2024-25",48,34,121.7073,116.8537,0.4797,0.3659,12.8780,34.3780,28.4146,8.8537,5.6341,15.6707,114.5543,109.9522,4.6021
"MIA","2024-25",37,45,110.5976,110.0366,0.4659,0.3703,9.7317,33.6585,26.4146,8.1463,3.8293,13.5854,111.0665,110.5363,0.5301
"MIL","2024-25",48,34,115.5122,113.0366,0.4886,0.3878,8.2195,35.1463,25.4878,7.3293,4.6829,13.3780,113.5064,111.0783,2.4281
"MIN","2024-25",49,33,114.2927,109.2927,0.4699,0.3771,11.0732,33.2439,26.1220,7.9756,4.9512,14.4634,113.7626,108.7012,5.0613
"NOP","2024-25",21,61,109.8293,119.2561,0.4525,0.3449,12.1098,31.5000,25.8415,8.5488,5.2317,14.6463,107.5071,116.8683,-9.3612
"NYK","2024-25",51,31,115.7805,111.6829,0.4867,0.3662,10.8537,31.7927,27.4878,8.1829,3.9512,13.2683,115.353,111.3708,3.9822
"OKC","2024-25",68,14,120.5,107.6341,0.4821,0.3736,10.6220,34.1585,26.8537,10.3293,5.6707,11.7195,117.2261,104.8238,12.4023
"ORL","2024-25",41,41,105.4268,105.5488,0.4458,0.3166,11.1463,30.6951,23.0122,8.8902,5.9512,14.2073,106.672,106.7434,-0.0714
"PHI","2024-25",24,58,109.6098,115.8415,0.4549,0.3408,10.3902,29.4024,23.1829,9.1707,4.4634,13.6220,109.0031,115.2588,-6.2556
"PHX","2024-25",36,46,113.622,116.622,0.4787,0.3772,9.5488,32.9390,27.7683,7.2317,4.7805,14.0610,113.5232,116.4841,-2.9609
"POR","2024-25",36,46,110.8902,113.8659,0.4517,0.3427,13.3537,31.4146,23.8049,8.2683,5.2805,15.9634,108.7715,111.5035,-2.732
"SAC","2024-25",40,42,115.7317,115.2561,0.4791,0.3559,10.9878,33.2073,26.4512,7.5610,4.3537,13.3171,113.9437,113.4598,0.4839
"SAS","2024-25",34,48,113.9268,116.6829,0.4661,0.3574,10.9268,32.7439,28.6341,8.2195,5.5488,13.8780,111.6489,114.2998,-2.6509
"TOR","2024-25",30,52,110.8659,115.1585,0.4597,0.3498,12.6098,32.5122,28.5366,8.0976,4.2439,15.3293,107.613,111.8929,-4.28
"UTA","2024-25",17,65,111.8902,121.2317,0.4561,0.3529,11.9878,33.4268,25.5244,6.7683,4.3902,17.2195,108.2569,117.3744,-9.1175
"WAS","2024-25",18,64,108.0,120.439,0.4391,0.3330,10.5732,33.1220,25.0976,7.5976,5.1220,15.5610,104.0832,116.1076,-12.0245
"ATL","2025-26",46,36,118.4634,116.0488,0.4747,0.3697,10.9756,32.5610,30.1341,9.3659,4.6829,14.1707,113.2451,110.9378,2.3072
"BKN","2025-26",20,62,105.9268,115.9146,0.4431,0.3414,10.3293,29.0000,25.0000,7.9634,4.2683,15.7561,106.0193,116.0389,-10.0196
"BOS","2025-26",56,26,114.8537,107.1585,0.4677,0.3667,12.5000,33.8659,24.6463,7.1341,5.0000,12.3659,117.2222,109.3338,7.8884
"CHA","2025-26",44,38,116.0122,111.1829,0.4612,0.3785,12.7805,33.2927,26.3415,7.0366,4.5000,15.4146,115.8122,110.9272,4.885
"CHI","2025-26",31,51,116.3049,121.5122,0.4685,0.3543,10.3537,34.6951,28.4756,7.6463,5.0000,15.3293,110.3505,115.3433,-4.9928
"CLE","2025-26",52,30,119.5244,115.4146,0.4827,0.3622,11.7195,32.7073,28.3049,8.5000,4.9878,13.9878,116.102,112.1569,3.9451
"DAL","2025-26",26,56,114.122,119.6341,0.4665,0.3392,10.5244,34.1829,25.2683,7.5488,5.1585,14.5488,108.5812,113.8906,-5.3094
"DEN","2025-26",54,28,122.0732,116.9268,0.4968,0.3958,9.7683,34.2073,28.9634,6.8293,3.9634,12.8902,119.5929,114.542,5.051
"DET","2025-26",60,22,117.7683,109.6098,0.4871,0.3565,13.0854,32.4756,27.8171,10.4390,6.3780,15.1341,114.5281,106.515,8.013
"GSW","2025-26",37,45,114.6098,115.1707,0.4620,0.3538,11.3659,30.9756,28.8902,9.7073,4.2195,15.6585,112.0146,112.5607,-0.5461
"HOU","2025-26",52,30,115.2317,110.0122,0.4810,0.3658,15.0366,33.0854,25.4024,8.5488,5.7683,15.3780,115.1855,109.9533,5.2322
"IND","2025-26",19,63,112.4268,120.4146,0.4585,0.3570,9.8293,32.1098,27.6707,7.3780,4.5610,14.5122,108.3468,116.0897,-7.7429
"LAC","2025-26",42,40,113.7683,112.6341,0.4854,0.3641,9.5610,31.0366,23.7439,9.0000,4.8780,14.3415,114.3455,113.2416,1.104
"LAL","2025-26",53,29,116.3415,114.5854,0.5027,0.3610,9.4390,31.5488,25.8780,8.5488,4.2805,14.4878,115.3937,113.6945,1.6992
"MEM","2025-26",25,57,114.6707,120.6829,0.4573,0.3530,11.1707,30.9512,27.8415,8.8171,4.7927,15.0732,109.9628,115.7083,-5.7455
"MIA","2025-26",43,39,120.8659,118.5366,0.4689,0.3595,11.8293,34.4512,28.9512,8.6463,4.2561,13.6585,113.767,111.6734,2.0935
"MIL","2025-26",32,50,110.6341,116.8415,0.4772,0.3880,8.9146,31.8293,25.8049,7.4024,3.9756,15.2073,110.2854,116.6289,-6.3435
"MIN","2025-26",49,33,118.0,114.6463,0.4817,0.3720,11.0610,33.0244,26.0732,8.7439,5.8049,14.8049,113.7421,110.7228,3.0193
"NOP","2025-26",26,56,115.5244,120.0244,0.4656,0.3454,12.2195,31.6585,25.0976,8.8537,5.1707,14.1829,111.2003,115.7087,-4.5085
"NYK","2025-26",53,29,116.4512,110.122,0.4779,0.3718,12.6829,32.9268,27.4390,8.1220,3.9268,13.6463,116.667,110.3521,6.3149
"OKC","2025-26",64,18,119.0244,107.878,0.4846,0.3647,9.5610,34.5610,25.7683,9.7073,5.4756,12.5732,116.0221,105.2209,10.8012
"ORL","2025-26",45,37,115.7439,115.1098,0.4650,0.3414,10.9512,32.4268,26.5488,8.5000,4.7195,14.1707,112.0933,111.5288,0.5644
"PHI","2025-26",45,37,115.878,116.061,0.4627,0.3443,11.7927,31.8537,24.5976,9.1463,5.6585,13.6220,112.1559,112.3164,-0.1605
"PHX","2025-26",45,37,112.5854,111.122,0.4561,0.3601,12.9756,30.1341,24.6463,9.5244,4.2317,14.4878,112.1269,110.7426,1.3843
"POR","2025-26",42,40,115.4756,115.7683,0.4538,0.3419,14.1098,31.8780,25.1463,8.2561,5.4634,17.2805,111.0751,111.2544,-0.1793
"SAC","2025-26",22,60,111.0,121.0,0.4676,0.3405,11.5000,30.7683,25.5488,8.0244,4.5366,14.3293,108.6313,118.4281,-9.7968
"SAS","2025-26",62,20,119.8293,111.5244,0.4843,0.3585,11.4024,35.6220,28.0732,7.5244,5.4512,13.4512,116.6251,108.5502,8.0749
"TOR","2025-26",46,36,114.6341,111.8049,0.4830,0.3553,10.9146,31.1829,29.4756,8.8049,4.8171,13.6707,112.7873,110.2704,2.5169
"UTA","2025-26",22,60,117.5854,126.0122,0.4678,0.3455,12.0000,31.8171,29.6220,8.8902,3.7683,15.5122,111.2827,119.2895,-8.0067
"WAS","2025-26",17,65,112.9024,124.878,0.4630,0.3567,10.9756,30.9268,25.0488,7.9878,5.5122,15.6585,108.1827,119.7258,-11.5431
