season,player_name,team,position,age,games_played,minutes,points,rebounds,assists,steals,blocks,turnovers,field_goals_made,field_goal_attempts,field_goal_pct,three_point_makes,three_point_attempts,three_point_pct,free_throws_made,free_throw_attempts,free_throw_pct,points_pg,rebounds_pg,assists_pg,ts_pct,effective_fg_pct,usage_rate,ast_pct,reb_pct,tov_pct,net_rating
2022-23,Mikal Bridges,BKN,,26.0,83,2963.1767,1671,364,273,91,61,127,593,1267,0.468,169,442,0.382,316,353,0.895,20.1325,4.3855,3.2892,0.587,0.5347,0.223,0.162,0.0762,0.082,0.8
2022-23,Anthony Edwards,MIN,,21.0,79,2841.455,1946,458,350,125,58,259,707,1541,0.459,213,578,0.369,319,422,0.756,24.6329,5.7975,4.4304,0.564,0.5279,0.292,0.2024,0.0908,0.1304,1.9
2022-23,Zach LaVine,CHI,,28.0,77,2767.95,1913,345,327,69,18,194,673,1388,0.485,204,544,0.375,363,428,0.848,24.8442,4.4805,4.2468,0.607,0.5584,0.278,0.1952,0.0729,0.1096,0.3
2022-23,Nikola Vučević,CHI,,32.0,82,2746.355,1447,903,265,60,57,139,597,1148,0.52,121,347,0.349,132,158,0.835,17.6463,11.0122,3.2317,0.594,0.5727,0.218,0.1529,0.1924,0.1025,-0.5
2022-23,Julius Randle,NYK,,28.0,77,2737.2517,1936,767,316,49,21,216,658,1432,0.459,218,636,0.343,402,531,0.757,25.1429,9.961,4.1039,0.581,0.5356,0.288,0.1925,0.1711,0.1148,2.7
2022-23,Domantas Sabonis,SAC,,27.0,79,2735.555,1510,973,573,65,39,230,577,938,0.615,31,83,0.373,325,438,0.742,19.1139,12.3165,7.2532,0.668,0.6317,0.213,0.3045,0.204,0.169,3.9
2022-23,Jayson Tatum,BOS,,25.0,74,2732.1967,2225,649,342,78,51,213,727,1559,0.466,240,686,0.35,531,622,0.854,30.0676,8.7703,4.6216,0.607,0.5433,0.319,0.2102,0.1337,0.1041,8.5
2022-23,Spencer Dinwiddie,BKN,,30.0,79,2725.335,1369,270,515,67,24,145,460,1050,0.438,181,490,0.369,268,330,0.812,17.3291,3.4177,6.519,0.573,0.5243,0.22,0.3149,0.0614,0.1082,-0.1
2022-23,Evan Mobley,CLE,,22.0,79,2715.2617,1277,711,224,60,119,146,525,947,0.554,22,102,0.216,205,304,0.674,16.1646,9.0,2.8354,0.591,0.566,0.199,0.1231,0.1482,0.119,6.5
2022-23,Dejounte Murray,ATL,,26.0,74,2693.395,1515,389,448,112,19,160,612,1319,0.464,133,387,0.344,158,190,0.832,20.473,5.2568,6.0541,0.54,0.5144,0.239,0.245,0.0865,0.1024,-1.1
2022-23,DeMar DeRozan,CHI,,33.0,74,2681.61,1816,343,377,83,36,153,657,1303,0.504,46,142,0.324,456,523,0.872,24.5405,4.6351,5.0946,0.592,0.5219,0.272,0.233,0.0748,0.0907,1.5
2022-23,Scottie Barnes,TOR,,21.0,77,2677.55,1179,512,371,83,61,154,463,1016,0.456,63,224,0.281,190,246,0.772,15.3117,6.6494,4.8182,0.524,0.4867,0.2,0.1988,0.1182,0.1205,3.2
2022-23,Harrison Barnes,SAC,,31.0,82,2662.0383,1230,366,128,57,10,86,374,791,0.473,132,353,0.374,350,413,0.847,15.0,4.4634,1.561,0.632,0.5563,0.168,0.0634,0.0789,0.0812,4.8
2022-23,Pascal Siakam,TOR,,29.0,71,2652.0367,1720,556,415,65,36,169,630,1313,0.48,93,287,0.324,367,474,0.774,24.2254,7.831,5.8451,0.565,0.5152,0.27,0.2474,0.1296,0.1,2.4
2022-23,CJ McCollum,NOP,,31.0,75,2649.1683,1568,328,429,70,38,183,587,1344,0.437,211,543,0.389,183,238,0.769,20.9067,4.3733,5.72,0.541,0.5153,0.26,0.2448,0.0708,0.1122,1.1
2022-23,Franz Wagner,ORL,,21.0,80,2608.7267,1485,329,283,77,17,167,542,1118,0.485,130,360,0.361,271,322,0.842,18.5625,4.1125,3.5375,0.589,0.5429,0.23,0.1685,0.0649,0.1171,1.2
2022-23,Jalen Green,HOU,,21.0,76,2602.155,1683,284,281,59,18,200,566,1359,0.416,187,554,0.338,364,463,0.786,22.1447,3.7368,3.6974,0.538,0.4853,0.274,0.1667,0.0532,0.1135,-8.7
2022-23,Bam Adebayo,MIA,,25.0,75,2597.9933,1529,688,240,88,61,187,602,1114,0.54,1,12,0.083,324,402,0.806,20.3867,9.1733,3.2,0.592,0.5408,0.251,0.161,0.1584,0.1265,1.8
2022-23,Trae Young,ATL,,24.0,73,2540.74,1914,217,741,80,9,300,597,1390,0.429,154,460,0.335,566,639,0.886,26.2192,2.9726,10.1507,0.573,0.4849,0.313,0.4346,0.0512,0.1522,1.3
2022-23,Fred VanVleet,TOR,,29.0,69,2534.9867,1335,280,495,123,38,140,437,1112,0.393,207,606,0.342,254,283,0.898,19.3478,4.058,7.1739,0.54,0.4861,0.225,0.2799,0.0683,0.1017,3.3
2022-23,Buddy Hield,IND,,30.0,80,2481.875,1344,400,225,92,26,139,475,1038,0.458,288,677,0.425,106,129,0.822,16.8,5.0,2.8125,0.614,0.5963,0.205,0.1363,0.0929,0.1127,-1.9
2022-23,RJ Barrett,NYK,,23.0,73,2475.465,1431,368,201,31,15,164,510,1176,0.434,121,390,0.31,290,392,0.74,19.6027,5.0411,2.7534,0.531,0.4851,0.256,0.1281,0.0908,0.1084,-1.2
2022-23,Jordan Poole,GSW,,24.0,82,2458.0933,1675,225,369,63,21,252,550,1278,0.43,214,637,0.336,361,415,0.87,20.4268,2.7439,4.5,0.573,0.5141,0.282,0.2275,0.0503,0.1471,-0.8
2022-23,Josh Hart,NYK,,28.0,76,2454.025,743,593,290,88,21,117,275,520,0.529,61,164,0.372,132,176,0.75,9.7763,7.8026,3.8158,0.622,0.5875,0.124,0.1623,0.1476,0.1638,5.9
2022-23,Jabari Smith Jr.,HOU,,20.0,79,2450.5467,1010,569,101,43,74,104,364,892,0.408,120,391,0.307,162,206,0.786,12.7848,7.2025,1.2785,0.514,0.4753,0.183,0.0575,0.1132,0.0957,-11.3
2022-23,Trey Murphy III,NOP,,23.0,79,2448.005,1148,281,112,89,43,61,387,800,0.484,202,497,0.406,172,190,0.905,14.5316,3.557,1.4177,0.65,0.61,0.159,0.0631,0.0656,0.0646,0.5
2022-23,Darius Garland,CLE,,23.0,69,2447.15,1490,185,538,85,9,199,522,1129,0.462,169,412,0.41,277,321,0.863,21.5942,2.6812,7.7971,0.587,0.5372,0.262,0.338,0.0428,0.1354,8.0
2022-23,Tobias Harris,PHI,,30.0,74,2435.8783,1085,424,186,68,40,89,423,845,0.501,126,324,0.389,113,129,0.876,14.6622,5.7297,2.5135,0.602,0.5751,0.18,0.1135,0.1096,0.0898,5.5
2022-23,De'Aaron Fox,SAC,,25.0,73,2435.2417,1826,306,447,83,23,181,682,1331,0.512,119,367,0.324,343,440,0.78,25.0137,4.1918,6.1233,0.599,0.5571,0.288,0.2966,0.0721,0.1061,3.1
2022-23,Donovan Mitchell,CLE,,26.0,68,2432.38,1922,289,301,99,27,180,679,1402,0.484,245,635,0.386,319,368,0.867,28.2647,4.25,4.4265,0.614,0.5717,0.31,0.2117,0.0672,0.1032,5.9
2022-23,Paolo Banchero,ORL,,20.0,72,2429.7233,1437,497,269,60,39,200,479,1122,0.427,85,285,0.298,394,534,0.738,19.9583,6.9028,3.7361,0.529,0.4648,0.272,0.1692,0.1053,0.1285,-4.2
2022-23,Jaden McDaniels,MIN,,22.0,79,2416.4883,953,307,148,74,76,112,370,716,0.517,107,269,0.398,106,144,0.736,12.0633,3.8861,1.8734,0.611,0.5915,0.156,0.087,0.0715,0.1257,2.0
2022-23,Shai Gilgeous-Alexander,OKC,,24.0,68,2415.985,2135,329,371,112,65,192,704,1381,0.51,58,168,0.345,669,739,0.905,31.3971,4.8382,5.4559,0.626,0.5308,0.318,0.2527,0.0697,0.1012,2.7
2022-23,Royce O'Neale,BKN,,30.0,76,2409.235,671,384,283,65,49,114,229,593,0.386,163,419,0.389,50,69,0.725,8.8289,5.0526,3.7237,0.538,0.5236,0.136,0.1743,0.0988,0.1546,2.1
2022-23,Jaylen Brown,BOS,,26.0,67,2404.9183,1784,459,232,75,26,197,679,1383,0.491,163,487,0.335,263,344,0.765,26.6269,6.8507,3.4627,0.581,0.5499,0.307,0.1665,0.1074,0.1138,5.4
2022-23,Luka Dončić,DAL,,24.0,66,2390.4717,2138,569,529,90,33,236,719,1449,0.496,185,541,0.342,515,694,0.742,32.3939,8.6212,8.0152,0.609,0.56,0.368,0.387,0.1321,0.1186,2.1
2022-23,OG Anunoby,TOR,,25.0,67,2385.6517,1124,332,131,128,50,132,421,885,0.476,142,367,0.387,140,167,0.838,16.7761,4.9552,1.9552,0.586,0.5559,0.192,0.0792,0.086,0.121,3.0
2022-23,Keegan Murray,SAC,,22.0,80,2381.6733,976,371,98,61,42,60,354,782,0.453,206,501,0.411,62,81,0.765,12.2,4.6375,1.225,0.597,0.5844,0.156,0.0549,0.0894,0.0684,1.7
2022-23,Kentavious Caldwell-Pope,DEN,,30.0,76,2381.2067,822,208,183,112,35,86,292,632,0.462,135,319,0.423,103,125,0.824,10.8158,2.7368,2.4079,0.598,0.5688,0.136,0.0988,0.0538,0.1113,9.8
2022-23,P.J. Washington,CHA,,24.0,73,2379.5633,1144,358,175,66,79,110,434,978,0.444,149,428,0.348,127,174,0.73,15.6712,4.9041,2.3973,0.542,0.5199,0.2,0.1076,0.0679,0.0945,-7.2
2022-23,Jalen Brunson,NYK,,26.0,68,2378.6717,1633,241,421,61,15,142,587,1195,0.491,134,322,0.416,325,392,0.829,24.0147,3.5441,6.1912,0.597,0.5473,0.266,0.2983,0.0619,0.0941,2.1
2022-23,Brook Lopez,MIL,,35.0,78,2372.4767,1239,520,99,37,193,107,477,899,0.531,136,364,0.374,149,190,0.784,15.8846,6.6667,1.2692,0.63,0.6062,0.187,0.059,0.1102,0.0982,7.1
2022-23,Josh Giddey,OKC,,20.0,76,2367.2717,1260,599,469,57,31,211,539,1118,0.482,76,234,0.325,106,145,0.731,16.5789,7.8816,6.1711,0.533,0.5161,0.239,0.2951,0.1295,0.1515,-2.2
2022-23,Reggie Bullock Jr.,DAL,,32.0,78,2364.485,561,283,108,54,13,36,192,470,0.409,151,397,0.38,26,37,0.703,7.1923,3.6282,1.3846,0.577,0.5691,0.098,0.0577,0.0664,0.0689,-1.8
2022-23,Immanuel Quickley,NYK,,24.0,81,2344.105,1209,337,279,80,14,100,419,936,0.448,168,454,0.37,203,248,0.819,14.9259,4.1605,3.4444,0.578,0.5374,0.203,0.18,0.0878,0.0873,6.2
2022-23,Tyler Herro,MIA,,23.0,67,2335.3917,1347,360,280,51,16,158,487,1109,0.439,203,537,0.378,170,182,0.934,20.1045,5.3731,4.1791,0.566,0.5307,0.25,0.2008,0.0922,0.1173,2.7
2022-23,Nikola Jokić,DEN,,28.0,69,2323.0067,1690,817,678,87,47,247,646,1022,0.632,57,149,0.383,341,415,0.822,24.4928,11.8406,9.8261,0.701,0.66,0.263,0.4687,0.2167,0.1702,12.5
2022-23,Patrick Williams,CHI,,21.0,82,2322.8417,833,327,100,72,70,101,314,677,0.464,115,277,0.415,90,105,0.857,10.1585,3.9878,1.2195,0.576,0.5487,0.156,0.0604,0.0824,0.1225,-2.4
2022-23,Derrick White,BOS,,28.0,82,2319.3283,1017,293,321,54,76,95,350,758,0.462,149,391,0.381,168,192,0.875,12.4024,3.5732,3.9146,0.604,0.56,0.174,0.1947,0.0711,0.1013,11.0
2022-23,Jaden Ivey,DET,,21.0,74,2304.3167,1204,288,387,61,17,237,409,983,0.416,120,350,0.343,266,356,0.747,16.2703,3.8919,5.2297,0.528,0.4771,0.251,0.2582,0.0645,0.1722,-13.0
2022-23,D'Angelo Russell,LAL,,27.0,71,2304.0967,1263,215,437,70,29,186,445,948,0.469,194,490,0.396,179,216,0.829,17.7887,3.0282,6.1549,0.605,0.5717,0.225,0.2683,0.053,0.1513,1.5
2022-23,Draymond Green,GSW,,33.0,73,2297.635,617,525,500,74,61,204,250,474,0.527,40,131,0.305,77,108,0.713,8.4521,7.1918,6.8493,0.592,0.5696,0.129,0.2809,0.1256,0.2812,7.0
2022-23,KJ Martin,HOU,,22.0,82,2292.1583,1039,452,123,41,30,91,410,720,0.569,68,216,0.315,151,222,0.68,12.6707,5.5122,1.5,0.635,0.6167,0.16,0.0782,0.0961,0.1001,-8.0
2022-23,Joel Embiid,PHI,,29.0,66,2284.1067,2183,670,274,66,112,226,728,1328,0.548,66,200,0.33,661,771,0.857,33.0758,10.1515,4.1515,0.655,0.573,0.37,0.2274,0.1847,0.1194,8.8
2022-23,Bruce Brown,DEN,,26.0,80,2279.485,923,328,268,87,51,123,358,741,0.483,91,254,0.358,116,153,0.758,11.5375,4.1,3.35,0.571,0.5445,0.174,0.1581,0.0886,0.1321,0.8
2022-23,Klay Thompson,GSW,,33.0,69,2278.9117,1509,286,163,49,29,123,546,1252,0.436,301,731,0.412,116,132,0.879,21.8696,4.1449,2.3623,0.576,0.5563,0.256,0.1111,0.069,0.0858,2.9
2022-23,Jalen Williams,OKC,,22.0,75,2275.5917,1056,337,248,103,35,123,414,794,0.521,73,205,0.356,155,191,0.812,14.08,4.4933,3.3067,0.601,0.5674,0.18,0.152,0.0758,0.1229,-1.0
2022-23,Lauri Markkanen,UTA,,26.0,66,2272.4867,1691,570,123,42,38,127,571,1145,0.499,200,511,0.391,349,399,0.875,25.6212,8.6364,1.8636,0.64,0.586,0.259,0.0836,0.1117,0.0877,3.8
2022-23,Luguentz Dort,OKC,,24.0,74,2272.3567,1013,344,154,75,23,92,339,873,0.388,135,409,0.33,200,259,0.772,13.6892,4.6486,2.0811,0.513,0.4656,0.194,0.0904,0.0775,0.0853,0.9
2022-23,Max Strus,MIA,,27.0,80,2271.9783,923,258,171,42,12,69,324,790,0.41,197,563,0.35,78,89,0.876,11.5375,3.225,2.1375,0.557,0.5348,0.17,0.1135,0.0679,0.0768,-3.8
2022-23,Nic Claxton,BKN,,24.0,76,2270.6567,961,702,144,65,189,96,414,587,0.705,0,2,0.0,133,246,0.541,12.6447,9.2368,1.8947,0.691,0.7053,0.155,0.1081,0.1917,0.1213,3.7
2022-23,Jerami Grant,POR,,29.0,63,2245.525,1290,283,150,51,53,116,434,913,0.475,144,359,0.401,278,342,0.813,20.4762,4.4921,2.381,0.606,0.5542,0.227,0.1005,0.0702,0.0983,-1.2
2022-23,Kyrie Irving,DAL,,31.0,60,2240.5733,1623,304,331,66,45,128,594,1203,0.494,188,496,0.379,247,273,0.905,27.05,5.0667,5.5167,0.613,0.5719,0.286,0.2432,0.0753,0.0882,4.7
2022-23,Kyle Kuzma,WAS,,27.0,64,2238.8517,1357,463,239,36,29,190,512,1142,0.448,160,481,0.333,173,237,0.73,21.2031,7.2344,3.7344,0.544,0.5184,0.273,0.1646,0.1091,0.1323,0.3
2022-23,Caris LeVert,CLE,,28.0,74,2237.34,897,282,287,72,24,116,320,742,0.431,127,324,0.392,130,180,0.722,12.1216,3.8108,3.8784,0.546,0.5168,0.183,0.178,0.0713,0.1238,4.5
2022-23,Bennedict Mathurin,IND,,21.0,78,2222.38,1302,318,116,48,13,152,413,951,0.434,100,310,0.323,376,454,0.828,16.6923,4.0769,1.4872,0.566,0.4869,0.235,0.0778,0.0825,0.1167,-4.3
2022-23,Terry Rozier,CHA,,29.0,63,2220.9267,1329,259,319,74,16,134,493,1188,0.415,165,505,0.327,178,220,0.809,21.0952,4.1111,5.0635,0.517,0.4844,0.262,0.2232,0.0526,0.0944,-6.2
2022-23,Jarrett Allen,CLE,,25.0,68,2220.1117,969,666,113,54,84,93,403,626,0.644,1,10,0.1,162,221,0.733,14.25,9.7941,1.6618,0.67,0.6446,0.162,0.0746,0.1698,0.1139,7.7
2022-23,Dillon Brooks,MEM,,27.0,73,2214.2633,1047,244,189,65,16,104,392,991,0.396,143,439,0.326,120,154,0.779,14.3425,3.3425,2.589,0.494,0.4677,0.214,0.1182,0.0604,0.0894,4.9
2022-23,Kevin Huerter,SAC,,24.0,75,2202.7767,1140,251,221,80,24,97,420,866,0.485,205,510,0.402,95,131,0.725,15.2,3.3467,2.9467,0.617,0.6033,0.197,0.1417,0.0654,0.095,4.5
2022-23,Jrue Holiday,MIL,,33.0,67,2182.54,1290,341,495,79,25,197,490,1023,0.479,158,411,0.384,152,177,0.859,19.2537,5.0896,7.3881,0.586,0.5562,0.244,0.3316,0.0786,0.1518,9.2
2022-23,Anfernee Simons,POR,,24.0,62,2170.66,1306,161,253,42,14,128,467,1045,0.447,212,562,0.377,160,179,0.894,21.0645,2.5968,4.0806,0.581,0.5483,0.247,0.1813,0.0413,0.1023,-1.6
2022-23,Alperen Sengun,HOU,,20.0,75,2170.6567,1109,678,291,70,70,193,442,799,0.553,19,57,0.333,206,288,0.715,14.7867,9.04,3.88,0.599,0.5651,0.211,0.2027,0.1523,0.1725,-7.8
2022-23,Ivica Zubac,LAC,,26.0,76,2169.41,818,756,77,29,98,117,326,514,0.634,0,2,0.0,166,238,0.697,10.7632,9.9474,1.0132,0.661,0.6342,0.149,0.0495,0.2273,0.159,-0.6
2022-23,Killian Hayes,DET,,21.0,76,2153.5883,786,221,470,104,28,173,307,815,0.377,80,286,0.28,92,112,0.821,10.3421,2.9079,6.1842,0.455,0.4258,0.201,0.3184,0.053,0.1668,-10.9
2022-23,Tim Hardaway Jr.,DAL,,31.0,71,2152.2333,1019,251,129,49,12,60,340,847,0.401,212,550,0.385,127,165,0.77,14.3521,3.5352,1.8169,0.554,0.5266,0.201,0.0839,0.0647,0.0612,3.4
2022-23,De'Anthony Melton,PHI,,25.0,77,2149.8267,780,312,197,126,41,102,277,651,0.425,157,403,0.39,69,87,0.793,10.1299,4.0519,2.5584,0.566,0.5461,0.162,0.1277,0.0914,0.1289,2.7
2022-23,Rudy Gobert,MIN,,31.0,70,2148.4833,939,814,87,56,95,122,360,546,0.659,0,3,0.0,219,340,0.644,13.4143,11.6286,1.2429,0.675,0.6593,0.161,0.0587,0.2134,0.1492,0.4
2022-23,Jimmy Butler III,MIA,,33.0,64,2138.015,1466,375,340,117,21,101,479,888,0.539,36,103,0.35,472,555,0.85,22.9062,5.8594,5.3125,0.647,0.5597,0.248,0.2734,0.1049,0.0819,1.2
2022-23,James Harden,PHI,,33.0,58,2135.005,1216,354,618,71,31,195,371,842,0.441,161,418,0.385,313,361,0.867,20.9655,6.1034,10.6552,0.607,0.5362,0.247,0.4304,0.1044,0.1631,6.1
2022-23,Jamal Murray,DEN,,26.0,65,2133.385,1298,257,400,66,16,145,473,1041,0.454,172,432,0.398,180,216,0.833,19.9692,3.9538,6.1538,0.571,0.537,0.256,0.2761,0.0742,0.1132,6.4
2022-23,John Collins,ATL,,25.0,71,2129.6467,931,462,85,42,73,79,359,707,0.508,70,240,0.292,143,178,0.803,13.1127,6.507,1.1972,0.593,0.5573,0.168,0.0541,0.13,0.0914,-0.2
2022-23,Saddiq Bey,ATL,,24.0,77,2128.695,1062,362,118,70,13,71,353,836,0.422,151,418,0.361,205,238,0.861,13.7922,4.7013,1.5325,0.564,0.5126,0.194,0.0749,0.1019,0.0702,-3.1
2022-23,Russell Westbrook,LAC,,34.0,73,2125.8267,1159,423,551,76,33,255,432,991,0.436,89,286,0.311,206,314,0.656,15.8767,5.7945,7.5479,0.513,0.4808,0.266,0.3899,0.1298,0.1842,-0.2
2022-23,De'Andre Hunter,ATL,,25.0,67,2125.63,1029,284,94,35,17,82,379,822,0.461,100,286,0.35,171,207,0.826,15.3582,4.2388,1.403,0.563,0.5219,0.193,0.0608,0.0801,0.0824,-0.6
2022-23,Quentin Grimes,NYK,,23.0,71,2120.9067,799,229,150,47,26,69,282,602,0.468,157,407,0.386,78,98,0.796,11.2535,3.2254,2.1127,0.619,0.5988,0.142,0.1,0.0659,0.0966,4.4
2022-23,Kristaps Porziņģis,WAS,,27.0,65,2119.5117,1505,546,174,58,100,137,507,1018,0.498,137,356,0.385,354,416,0.851,23.1538,8.4,2.6769,0.627,0.5653,0.272,0.1287,0.1359,0.1024,1.4
2022-23,Gary Trent Jr.,TOR,,24.0,66,2117.9933,1148,173,106,104,14,55,405,935,0.433,166,450,0.369,172,205,0.839,17.3939,2.6212,1.6061,0.56,0.5219,0.209,0.0737,0.0505,0.0509,-2.1
2022-23,Damian Lillard,POR,,32.0,58,2106.59,1866,277,425,50,18,191,556,1202,0.463,244,658,0.371,510,558,0.914,32.1724,4.7759,7.3276,0.645,0.5641,0.331,0.3396,0.0732,0.1166,2.1
2022-23,Ayo Dosunmu,CHI,,23.0,80,2097.6167,687,220,206,62,26,99,281,570,0.493,59,189,0.312,66,82,0.805,8.5875,2.75,2.575,0.567,0.5447,0.145,0.1375,0.0614,0.1404,-1.3
2022-23,Corey Kispert,WAS,,24.0,74,2093.29,820,207,87,32,9,55,291,585,0.497,163,384,0.424,75,88,0.852,11.0811,2.7973,1.1757,0.657,0.6368,0.139,0.0563,0.0522,0.081,-3.2
2022-23,Malik Beasley,LAL,,26.0,81,2093.085,1025,283,124,65,9,90,370,937,0.395,235,658,0.357,50,65,0.769,12.6543,3.4938,1.5309,0.531,0.5203,0.207,0.0819,0.0769,0.0853,-2.2
2022-23,Caleb Martin,MIA,,27.0,71,2077.7383,683,344,117,71,31,79,254,548,0.464,84,236,0.356,91,113,0.805,9.6197,4.8451,1.6479,0.571,0.5401,0.143,0.0824,0.099,0.1167,0.0
2022-23,Andrew Nembhard,IND,,23.0,75,2073.5317,709,199,341,70,13,126,284,644,0.441,92,263,0.35,49,62,0.79,9.4533,2.6533,4.5467,0.528,0.5124,0.159,0.2285,0.0553,0.158,-5.9
2022-23,Keldon Johnson,SAS,,23.0,63,2063.3317,1385,318,183,46,11,134,503,1113,0.452,134,407,0.329,245,327,0.749,21.9841,5.0476,2.9048,0.551,0.5121,0.273,0.1422,0.0759,0.0963,-11.3
2022-23,Aaron Gordon,DEN,,27.0,68,2055.1067,1109,446,203,54,51,98,429,761,0.564,60,173,0.347,191,314,0.608,16.3088,6.5588,2.9853,0.617,0.6032,0.206,0.1427,0.1337,0.0983,12.1
2022-23,Mason Plumlee,LAC,,33.0,79,2052.945,857,700,245,46,47,117,329,484,0.68,0,0,0.0,199,313,0.636,10.8481,8.8608,3.1013,0.689,0.6798,0.149,0.1686,0.2224,0.1584,-5.9
2022-23,Grant Williams,BOS,,24.0,79,2044.7617,641,363,131,41,31,82,216,476,0.454,115,291,0.395,94,122,0.77,8.1139,4.5949,1.6582,0.605,0.5746,0.128,0.0847,0.0999,0.1341,5.9
2022-23,Deandre Ayton,PHX,,24.0,67,2035.3367,1203,667,115,37,53,120,522,887,0.589,7,24,0.292,152,200,0.76,17.9552,9.9552,1.7164,0.617,0.5924,0.231,0.0878,0.1816,0.1096,0.0
2022-23,Mike Conley,MIN,,35.0,67,2028.055,798,182,450,73,14,103,261,610,0.428,135,351,0.385,141,169,0.834,11.9104,2.7164,6.7164,0.583,0.5385,0.161,0.3045,0.0505,0.1308,1.3
2022-23,Kevin Porter Jr.,HOU,,23.0,59,2023.8833,1130,314,338,82,17,188,391,884,0.442,141,385,0.366,207,264,0.784,19.1525,5.322,5.7288,0.565,0.5221,0.239,0.2485,0.0756,0.1582,-8.3
2022-23,Giannis Antetokounmpo,MIL,,28.0,63,2023.615,1959,742,359,52,51,246,707,1278,0.553,47,171,0.275,498,772,0.645,31.0952,11.7778,5.6984,0.605,0.5716,0.373,0.3173,0.1844,0.132,7.2
2022-23,Deni Avdija,WAS,,22.0,76,2020.38,697,487,211,65,29,123,253,579,0.437,69,232,0.297,122,165,0.739,9.1711,6.4079,2.7763,0.535,0.4965,0.165,0.1389,0.1271,0.1588,-0.8
2022-23,Tyrese Maxey,PHI,,22.0,60,2015.77,1218,176,212,49,8,80,439,913,0.481,160,369,0.434,180,213,0.845,20.3,2.9333,3.5333,0.605,0.5685,0.236,0.1673,0.055,0.0736,5.4
2022-23,Dorian Finney-Smith,BKN,,30.0,66,2008.825,551,316,100,55,36,62,196,501,0.391,114,338,0.337,45,59,0.763,8.3485,4.7879,1.5152,0.523,0.505,0.129,0.0742,0.0975,0.1053,-0.3
2022-23,Jordan Clarkson,UTA,,31.0,61,1988.3033,1271,246,270,33,13,186,458,1031,0.444,155,459,0.338,200,245,0.816,20.8361,4.0328,4.4262,0.558,0.5194,0.273,0.2032,0.0551,0.1404,0.8
2022-23,Dennis Schröder,LAL,,29.0,66,1985.945,830,165,298,50,10,112,270,650,0.415,74,225,0.329,216,252,0.857,12.5758,2.5,4.5152,0.545,0.4723,0.183,0.1964,0.0472,0.1283,2.8
2022-23,Tre Jones,SAS,,23.0,68,1983.7383,875,245,448,89,9,110,341,743,0.459,45,158,0.285,148,172,0.86,12.8676,3.6029,6.5882,0.534,0.4892,0.189,0.3246,0.0608,0.1184,-7.8
2022-23,Grayson Allen,MIL,,27.0,72,1972.1367,750,237,163,62,14,72,245,557,0.44,146,366,0.399,114,126,0.905,10.4167,3.2917,2.2639,0.612,0.5709,0.143,0.1054,0.0604,0.1052,4.9
2022-23,Jonas Valanciunas,NOP,,31.0,79,1968.2433,1115,804,140,20,52,159,446,816,0.547,38,109,0.349,185,224,0.826,14.1139,10.1772,1.7722,0.61,0.5699,0.229,0.1084,0.2336,0.1481,-0.7
2022-23,Eric Gordon,LAC,,34.0,69,1965.5083,856,134,183,43,25,104,291,653,0.446,132,356,0.371,142,173,0.821,12.4058,1.942,2.6522,0.587,0.5467,0.171,0.1293,0.0445,0.1248,-5.8
2022-23,Kevon Looney,GSW,,27.0,82,1957.595,578,760,207,52,50,45,242,384,0.63,0,1,0.0,94,155,0.606,7.0488,9.2683,2.5244,0.639,0.6302,0.104,0.1391,0.2135,0.0905,4.4
2022-23,Marcus Smart,BOS,,29.0,61,1956.76,703,191,382,93,23,143,250,602,0.415,115,342,0.336,88,118,0.746,11.5246,3.1311,6.2623,0.538,0.5108,0.176,0.266,0.0549,0.1794,6.3
2022-23,Kyle Anderson,MIN,,29.0,69,1956.5733,647,368,335,78,63,103,252,495,0.509,43,105,0.41,100,136,0.735,9.3768,5.3333,4.8551,0.583,0.5525,0.143,0.235,0.1059,0.1566,2.3
2022-23,LeBron James,LAL,,38.0,55,1953.94,1590,457,375,50,32,178,609,1219,0.5,121,377,0.321,251,327,0.768,28.9091,8.3091,6.8182,0.583,0.5492,0.322,0.3262,0.133,0.1155,4.6
2022-23,Herbert Jones,NOP,,24.0,66,1950.53,649,269,162,103,42,88,235,501,0.469,56,167,0.335,123,161,0.764,9.8333,4.0758,2.4545,0.567,0.525,0.144,0.1089,0.0789,0.1334,3.9
2022-23,Ja Morant,MEM,,23.0,61,1948.3483,1596,357,493,66,16,206,566,1214,0.466,92,300,0.307,372,497,0.748,26.1639,5.8525,8.082,0.557,0.5041,0.338,0.4157,0.1005,0.1257,7.3
2022-23,Torrey Craig,PHX,,32.0,79,1947.8417,588,426,117,50,62,73,228,500,0.456,100,253,0.395,32,45,0.711,7.443,5.3924,1.481,0.566,0.556,0.128,0.0767,0.1212,0.1231,-3.7
2022-23,Kelly Olynyk,UTA,,32.0,68,1941.5933,847,420,252,60,37,168,278,557,0.499,93,236,0.394,198,232,0.853,12.4559,6.1765,3.7059,0.643,0.5826,0.176,0.1718,0.0963,0.2031,0.4
2022-23,Stephen Curry,GSW,,35.0,56,1941.1517,1648,341,352,52,20,179,559,1133,0.493,273,639,0.427,257,281,0.915,29.4286,6.0893,6.2857,0.656,0.6139,0.297,0.3045,0.0966,0.1247,5.8
2022-23,Tyus Jones,MEM,,27.0,80,1939.4233,822,200,417,83,6,74,311,710,0.438,121,326,0.371,79,98,0.806,10.275,2.5,5.2125,0.546,0.5232,0.175,0.291,0.0565,0.0895,2.0
2022-23,Paul George,LAC,,33.0,56,1938.8917,1332,342,288,83,20,176,459,1004,0.457,158,426,0.371,256,294,0.871,23.7857,6.1071,5.1429,0.588,0.5359,0.294,0.2353,0.1151,0.1344,4.0
2022-23,Al Horford,BOS,,37.0,63,1921.375,616,390,189,30,61,37,228,479,0.476,145,325,0.446,15,21,0.714,9.7778,6.1905,3.0,0.631,0.6273,0.119,0.1324,0.1142,0.0704,7.8
2022-23,P.J. Tucker,PHI,,38.0,75,1920.055,266,295,60,39,15,44,96,225,0.427,55,140,0.393,19,23,0.826,3.5467,3.9333,0.8,0.566,0.5489,0.066,0.0392,0.0967,0.1576,4.0
2022-23,Jalen McDaniels,PHI,,25.0,80,1912.8533,755,346,130,83,34,93,281,617,0.455,77,232,0.332,116,138,0.841,9.4375,4.325,1.625,0.557,0.5178,0.165,0.0972,0.1139,0.1207,-3.4
2022-23,Jakob Poeltl,TOR,,27.0,72,1906.125,897,653,197,66,86,125,389,618,0.629,0,1,0.0,119,201,0.592,12.4583,9.0694,2.7361,0.635,0.6294,0.18,0.1552,0.2117,0.1503,-3.1
2022-23,Anthony Davis,LAL,,30.0,56,1904.51,1451,702,148,59,114,122,542,962,0.563,19,74,0.257,348,444,0.784,25.9107,12.5357,2.6429,0.627,0.5733,0.277,0.1263,0.2096,0.0954,4.8
2022-23,Donte DiVincenzo,GSW,,26.0,72,1894.38,678,325,252,97,10,112,235,540,0.435,150,378,0.397,58,71,0.817,9.4167,4.5139,3.5,0.593,0.5741,0.146,0.1751,0.0943,0.1639,2.9
2022-23,Bojan Bogdanovic,DET,,34.0,59,1892.8667,1273,223,152,34,8,135,430,882,0.488,145,353,0.411,268,303,0.884,21.5763,3.7797,2.5763,0.627,0.5697,0.251,0.1337,0.0608,0.1174,-8.2
2022-23,Chris Paul,PHX,,38.0,59,1888.635,819,251,524,91,22,114,294,668,0.44,98,261,0.375,133,160,0.831,13.8814,4.2542,8.8814,0.555,0.5135,0.195,0.3728,0.0736,0.1337,2.3
2022-23,Tyrese Haliburton,IND,,23.0,56,1882.8533,1160,205,585,91,25,141,412,841,0.49,161,402,0.4,175,201,0.871,20.7143,3.6607,10.4464,0.624,0.5856,0.238,0.4872,0.0627,0.1317,-1.0
2022-23,Jarred Vanderbilt,LAL,,24.0,78,1879.7417,619,582,184,83,21,97,247,451,0.548,29,90,0.322,96,139,0.691,7.9359,7.4615,2.359,0.604,0.5798,0.136,0.1273,0.176,0.1592,-1.5
2022-23,Terance Mann,LAC,,26.0,81,1872.1767,713,276,184,42,22,80,272,524,0.519,77,198,0.389,92,118,0.78,8.8025,3.4074,2.2716,0.619,0.5926,0.149,0.136,0.0962,0.122,0.3
2022-23,Troy Brown Jr.,LAL,,23.0,76,1859.79,541,308,95,59,16,49,200,465,0.43,107,281,0.381,34,39,0.872,7.1184,4.0526,1.25,0.561,0.5452,0.119,0.0645,0.0942,0.0923,-0.5
2022-23,Onyeka Okongwu,ATL,,22.0,80,1848.555,791,576,81,56,107,81,317,497,0.638,4,13,0.308,153,196,0.781,9.8875,7.2,1.0125,0.678,0.6419,0.15,0.0597,0.1867,0.1219,1.8
2022-23,Austin Reaves,LAL,,25.0,64,1843.2267,833,193,215,33,19,99,259,490,0.529,86,216,0.398,229,265,0.864,13.0156,3.0156,3.3594,0.687,0.6163,0.154,0.1536,0.0595,0.1403,4.9
2022-23,Desmond Bane,MEM,,25.0,58,1841.4533,1247,291,254,56,22,126,450,939,0.479,166,407,0.408,181,205,0.883,21.5,5.0172,4.3793,0.606,0.5676,0.252,0.2106,0.0867,0.1091,9.0
2022-23,Devin Booker,PHX,,26.0,53,1835.4133,1471,240,293,51,18,145,527,1067,0.494,111,316,0.351,306,358,0.855,27.7547,4.5283,5.5283,0.601,0.5459,0.311,0.2605,0.0724,0.1059,6.2
2022-23,Myles Turner,IND,,27.0,62,1825.21,1113,466,89,36,140,103,402,733,0.548,93,249,0.373,216,276,0.783,17.9516,7.5161,1.4355,0.651,0.6119,0.225,0.0766,0.1471,0.1076,-1.2
2022-23,Marcus Morris Sr.,LAC,,33.0,65,1825.1133,728,258,114,42,21,56,274,643,0.426,112,307,0.365,68,87,0.782,11.2,3.9692,1.7538,0.534,0.5132,0.176,0.087,0.0922,0.076,-0.3
2022-23,Bobby Portis Jr.,MIL,,28.0,70,1818.4317,987,672,105,29,16,81,398,803,0.496,95,257,0.37,96,125,0.768,14.1,9.6,1.5,0.575,0.5548,0.211,0.0837,0.1858,0.0863,-0.1
2022-23,Patrick Beverley,CHI,,34.0,67,1816.5267,415,247,194,63,41,60,144,360,0.4,80,239,0.335,47,65,0.723,6.194,3.6866,2.8955,0.534,0.5111,0.107,0.1389,0.0796,0.1337,-1.5
2022-23,Aaron Nesmith,IND,,23.0,73,1816.4033,738,277,98,55,34,75,252,590,0.427,115,314,0.366,119,142,0.838,10.1096,3.7945,1.3425,0.566,0.5246,0.168,0.0752,0.0879,0.1031,-4.7
2022-23,Jevon Carter,MIL,,27.0,81,1811.7517,651,202,197,66,29,78,239,565,0.423,142,337,0.421,31,38,0.816,8.037,2.4938,2.4321,0.56,0.5487,0.149,0.14,0.0561,0.1182,1.9
2022-23,Michael Porter Jr.,DEN,,25.0,62,1797.8933,1080,341,65,37,29,68,398,817,0.487,188,454,0.414,96,120,0.8,17.4194,5.5,1.0484,0.621,0.6022,0.22,0.0532,0.1168,0.0725,10.4
2022-23,Naji Marshall,NOP,,25.0,77,1792.0367,698,279,189,54,14,97,247,571,0.433,66,218,0.303,138,175,0.789,9.0649,3.6234,2.4545,0.539,0.4904,0.172,0.1415,0.089,0.1302,-0.1
2022-23,Jaren Jackson Jr.,MEM,,23.0,63,1787.5033,1173,426,60,65,189,107,416,822,0.506,100,282,0.355,241,306,0.788,18.619,6.7619,0.9524,0.613,0.5669,0.243,0.0504,0.1307,0.1006,9.8
2022-23,Shaedon Sharpe,POR,,20.0,80,1778.6033,789,236,94,38,24,83,306,648,0.472,102,283,0.36,75,105,0.714,9.8625,2.95,1.175,0.568,0.5509,0.186,0.077,0.0739,0.1068,-7.6
2022-23,Markelle Fultz,ORL,,25.0,60,1777.9417,837,234,341,87,26,139,349,679,0.514,27,87,0.31,112,143,0.783,13.95,3.9,5.6833,0.564,0.5339,0.208,0.2927,0.0677,0.1578,-3.7
2022-23,Tari Eason,HOU,,22.0,82,1767.22,760,496,88,96,47,101,296,660,0.448,59,172,0.343,109,145,0.752,9.2683,6.0488,1.0732,0.525,0.4932,0.184,0.0714,0.1368,0.1225,-4.8
2022-23,Gabe Vincent,MIA,,27.0,68,1758.6767,641,145,167,62,5,92,228,567,0.402,117,350,0.334,68,78,0.872,9.4265,2.1324,2.4559,0.533,0.5053,0.17,0.1405,0.0493,0.1327,-0.7
2022-23,Kawhi Leonard,LAC,,32.0,52,1747.4883,1239,338,204,72,28,88,446,871,0.512,104,250,0.416,243,279,0.871,23.8269,6.5,3.9231,0.623,0.5718,0.267,0.1905,0.1262,0.0813,6.1
2022-23,Malcolm Brogdon,BOS,,30.0,67,1743.815,1000,280,248,45,18,98,354,732,0.484,132,297,0.444,160,184,0.87,14.9254,4.1791,3.7015,0.615,0.5738,0.223,0.2159,0.0904,0.1076,5.1
2022-23,Christian Wood,DAL,,27.0,67,1738.3583,1114,491,121,30,72,121,396,769,0.515,105,279,0.376,217,281,0.772,16.6269,7.3284,1.806,0.624,0.5832,0.259,0.108,0.1568,0.1194,-1.3
2022-23,Coby White,CHI,,23.0,74,1730.2283,715,212,204,54,6,74,263,594,0.443,128,344,0.372,61,70,0.871,9.6622,2.8649,2.7568,0.572,0.5505,0.17,0.1693,0.0717,0.1059,4.0
2022-23,Clint Capela,ATL,,29.0,65,1730.0833,779,717,58,45,79,54,350,536,0.653,0,1,0.0,79,131,0.603,11.9846,11.0308,0.8923,0.656,0.653,0.151,0.0476,0.2483,0.0834,-1.1
2022-23,Malik Monk,SAC,,25.0,77,1719.235,1041,203,298,49,20,146,357,796,0.448,143,398,0.359,184,207,0.889,13.5195,2.6364,3.8701,0.587,0.5383,0.247,0.2508,0.0677,0.1413,1.0
2022-23,Kyle Lowry,MIA,,37.0,55,1717.725,615,225,281,57,21,103,196,485,0.404,107,310,0.345,116,135,0.859,11.1818,4.0909,5.1091,0.565,0.5144,0.162,0.2366,0.0783,0.1591,1.1
2022-23,Nicolas Batum,LAC,,34.0,78,1709.57,478,299,121,54,44,50,160,381,0.42,124,317,0.391,34,48,0.708,6.1282,3.8333,1.5513,0.594,0.5827,0.111,0.0914,0.1141,0.1106,4.5
2022-23,Walker Kessler,UTA,,21.0,74,1703.2067,679,620,69,26,173,58,298,414,0.72,1,3,0.333,82,159,0.516,9.1757,8.3784,0.9324,0.702,0.721,0.13,0.056,0.1621,0.107,3.0
2022-23,Monte Morris,WAS,,28.0,62,1696.0867,636,210,326,43,13,60,247,515,0.48,78,204,0.382,64,77,0.831,10.2581,3.3871,5.2581,0.579,0.5553,0.155,0.2627,0.0653,0.0985,0.1
2022-23,Wendell Carter Jr.,ORL,,24.0,57,1689.54,868,497,132,30,33,106,322,613,0.525,80,225,0.356,144,195,0.738,15.2281,8.7193,2.3158,0.621,0.5905,0.204,0.1182,0.1514,0.1317,-0.8
2022-23,Santi Aldama,MEM,,22.0,77,1681.7483,696,371,97,45,48,60,247,525,0.47,94,266,0.353,108,144,0.75,9.039,4.8182,1.2597,0.591,0.56,0.157,0.0767,0.121,0.0925,2.6
2022-23,Bradley Beal,WAS,,30.0,50,1672.9333,1160,196,271,45,33,145,444,878,0.506,80,219,0.365,192,228,0.842,23.2,3.92,5.42,0.593,0.5513,0.288,0.2647,0.0618,0.1291,0.7
2022-23,Kevin Durant,PHX,,34.0,47,1671.7567,1366,313,235,34,67,156,483,862,0.56,93,230,0.404,307,334,0.919,29.0638,6.6596,5.0,0.677,0.6143,0.305,0.2301,0.1037,0.1339,6.8
2022-23,Jalen Duren,DET,,19.0,67,1670.145,612,595,75,44,59,92,258,398,0.648,0,2,0.0,96,157,0.611,9.1343,8.8806,1.1194,0.655,0.6482,0.139,0.0667,0.184,0.1646,-8.3
2022-23,Reggie Jackson,DEN,,33.0,68,1656.8533,693,144,233,47,6,115,263,640,0.411,96,288,0.333,71,78,0.91,10.1912,2.1176,3.4265,0.514,0.4859,0.205,0.1895,0.0535,0.1457,-2.2
2022-23,Isaac Okoro,CLE,,22.0,76,1652.5667,490,187,87,56,30,42,175,354,0.494,62,171,0.363,78,103,0.757,6.4474,2.4605,1.1447,0.614,0.5819,0.117,0.0695,0.064,0.0952,5.4
2022-23,Isaiah Hartenstein,NYK,,25.0,82,1628.2167,406,536,102,53,64,66,175,327,0.535,8,37,0.216,48,71,0.676,4.9512,6.5366,1.2439,0.567,0.5474,0.107,0.0855,0.2011,0.1556,4.4
2022-23,Daniel Gafford,WAS,,24.0,78,1604.22,705,433,84,33,99,85,289,395,0.732,0,0,0.0,127,187,0.679,9.0385,5.5513,1.0769,0.739,0.7316,0.146,0.0751,0.1424,0.1512,-2.5
2022-23,Mitchell Robinson,NYK,,25.0,59,1588.8283,435,555,53,56,109,41,188,280,0.671,0,0,0.0,59,122,0.484,7.3729,9.4068,0.8983,0.652,0.6714,0.101,0.0462,0.2133,0.1094,7.3
2022-23,Drew Eubanks,POR,,26.0,78,1583.6767,518,418,103,40,102,67,214,334,0.641,7,18,0.389,83,125,0.664,6.641,5.359,1.3205,0.666,0.6512,0.122,0.09,0.147,0.1469,-4.1
2022-23,Gordon Hayward,CHA,,33.0,50,1576.9017,733,215,206,42,12,99,276,581,0.475,52,160,0.325,129,159,0.811,14.66,4.3,4.12,0.563,0.5198,0.196,0.1892,0.0615,0.132,-3.3
2022-23,Alex Caruso,CHI,,29.0,67,1575.3767,374,196,193,98,46,77,130,286,0.455,55,151,0.364,59,73,0.808,5.5821,2.9254,2.8806,0.588,0.5507,0.109,0.16,0.0728,0.1949,6.1
2022-23,Shake Milton,PHI,,26.0,76,1567.3533,637,191,240,25,13,94,241,503,0.479,56,148,0.378,99,116,0.853,8.3816,2.5132,3.1579,0.575,0.5348,0.175,0.2211,0.0767,0.1451,3.9
2022-23,Norman Powell,LAC,,30.0,60,1567.135,1019,175,109,50,18,101,340,710,0.479,114,287,0.397,225,277,0.812,16.9833,2.9167,1.8167,0.612,0.5592,0.251,0.1068,0.0728,0.1083,-3.8
2022-23,Cole Anthony,ORL,,23.0,60,1551.76,781,288,235,37,31,91,277,610,0.454,75,206,0.364,152,170,0.894,13.0167,4.8,3.9167,0.57,0.5156,0.209,0.225,0.0955,0.1173,-0.1
2022-23,Malaki Branham,SAS,,20.0,66,1549.5967,673,181,127,33,7,76,269,611,0.44,77,255,0.302,58,70,0.829,10.197,2.7424,1.9242,0.524,0.5033,0.188,0.1181,0.0575,0.1059,-11.1
2022-23,Cedi Osman,CLE,,28.0,77,1548.3133,669,176,115,35,11,52,239,530,0.451,116,312,0.372,75,108,0.694,8.6883,2.2857,1.4935,0.579,0.5604,0.178,0.1047,0.0643,0.0826,7.5
2022-23,Kelly Oubre Jr.,CHA,,27.0,48,1547.5117,972,249,54,68,18,64,353,819,0.431,108,339,0.319,158,208,0.76,20.25,5.1875,1.125,0.534,0.4969,0.257,0.0547,0.0726,0.0657,-7.7
2022-23,Josh Green,DAL,,22.0,60,1539.23,546,182,103,42,5,72,205,382,0.537,68,169,0.402,68,94,0.723,9.1,3.0333,1.7167,0.645,0.6257,0.14,0.0905,0.0656,0.1453,2.5
2022-23,Brandon Ingram,NOP,,25.0,45,1538.0767,1112,246,262,32,19,148,404,835,0.484,64,164,0.39,240,272,0.882,24.7111,5.4667,5.8222,0.582,0.5222,0.306,0.2746,0.0915,0.1342,3.0
2022-23,Josh Richardson,NOP,,29.0,65,1529.6017,654,175,174,69,20,86,239,554,0.431,107,293,0.365,69,81,0.852,10.0615,2.6923,2.6769,0.555,0.528,0.18,0.1565,0.0654,0.1273,-5.2
2022-23,Joe Harris,BKN,,31.0,74,1527.175,562,164,101,34,13,41,201,440,0.457,142,333,0.426,18,28,0.643,7.5946,2.2162,1.3649,0.621,0.6182,0.141,0.1038,0.0666,0.0831,-1.0
2022-23,T.J. McConnell,IND,,31.0,75,1526.4133,650,234,397,81,10,143,283,521,0.543,26,59,0.441,58,68,0.853,8.6667,3.12,5.2933,0.59,0.5681,0.182,0.3875,0.0883,0.2061,-2.4
2022-23,Chris Boucher,TOR,,30.0,76,1523.47,712,421,29,47,64,41,261,529,0.493,62,189,0.328,128,168,0.762,9.3684,5.5395,0.3816,0.59,0.552,0.175,0.0272,0.1708,0.0637,-1.3
2022-23,Georges Niang,PHI,,30.0,78,1511.8483,637,185,77,31,14,54,222,502,0.442,154,384,0.401,39,45,0.867,8.1667,2.3718,0.9872,0.61,0.5956,0.162,0.0728,0.077,0.0938,1.3
2022-23,Bogdan Bogdanović,ATL,,30.0,54,1508.6083,756,165,150,43,18,65,273,611,0.447,146,360,0.406,64,77,0.831,14.0,3.0556,2.7778,0.586,0.5663,0.196,0.1371,0.0655,0.0916,1.2
2022-23,Damion Lee,PHX,,30.0,74,1506.295,604,225,99,30,7,78,200,452,0.442,110,247,0.445,94,104,0.904,8.1622,3.0405,1.3378,0.607,0.5642,0.155,0.0857,0.0828,0.1355,2.7
2022-23,Bol Bol,ORL,,23.0,70,1505.4183,634,405,69,30,85,112,261,478,0.546,30,113,0.265,82,108,0.759,9.0571,5.7857,0.9857,0.603,0.5774,0.177,0.0676,0.1385,0.1757,-4.4
2022-23,John Konchar,MEM,,27.0,72,1493.8133,364,310,100,77,25,37,138,320,0.431,60,177,0.339,28,36,0.778,5.0556,4.3056,1.3889,0.542,0.525,0.1,0.083,0.1138,0.0992,7.0
2022-23,Rui Hachimura,LAL,,25.0,63,1466.03,707,283,58,19,26,53,284,584,0.486,51,160,0.319,88,119,0.739,11.2222,4.4921,0.9206,0.556,0.53,0.194,0.056,0.1097,0.0769,-1.2
2022-23,Dwight Powell,DAL,,31.0,76,1457.935,506,314,69,48,26,65,197,269,0.732,0,5,0.0,112,168,0.667,6.6579,4.1316,0.9079,0.738,0.7323,0.123,0.0642,0.1195,0.1593,6.2
2022-23,Jeremy Sochan,SAS,,20.0,56,1457.7,614,295,142,43,23,97,250,552,0.453,33,134,0.246,81,116,0.698,10.9643,5.2679,2.5357,0.509,0.4828,0.195,0.14,0.0997,0.1386,-7.0
2022-23,Keita Bates-Diop,SAS,,27.0,67,1452.5883,647,247,103,46,20,56,236,465,0.508,56,142,0.394,119,150,0.793,9.6567,3.6866,1.5373,0.609,0.5677,0.165,0.1006,0.0838,0.0954,-8.5
2022-23,Davion Mitchell,SAC,,24.0,80,1447.03,450,105,185,44,15,62,181,399,0.454,63,197,0.32,25,31,0.806,5.625,1.3125,2.3125,0.545,0.5326,0.14,0.1652,0.0416,0.1306,2.7
2022-23,Pat Connaughton,MIL,,30.0,61,1442.735,466,283,77,37,11,33,165,421,0.392,109,322,0.339,27,41,0.659,7.6393,4.6393,1.2623,0.531,0.5214,0.133,0.0672,0.0986,0.0699,3.4
2022-23,Zach Collins,SAS,,25.0,63,1440.5967,731,402,180,37,49,129,284,548,0.518,55,147,0.374,108,142,0.761,11.6032,6.381,2.8571,0.599,0.5684,0.209,0.1864,0.1375,0.1744,-7.5
2022-23,Isaiah Stewart,DET,,22.0,50,1414.0583,567,403,70,20,34,68,195,441,0.442,67,205,0.327,110,149,0.738,11.34,8.06,1.4,0.56,0.5181,0.17,0.0717,0.1472,0.1184,-8.0
2022-23,AJ Griffin,ATL,,19.0,72,1401.435,639,153,73,42,12,42,248,533,0.465,101,259,0.39,42,47,0.894,8.875,2.125,1.0139,0.577,0.56,0.174,0.0714,0.0654,0.0705,1.5
2022-23,Isaiah Joe,OKC,,23.0,73,1395.3467,691,175,88,48,8,39,224,508,0.441,161,394,0.409,82,100,0.82,9.4658,2.3973,1.2055,0.626,0.5994,0.17,0.0854,0.0642,0.066,5.1
2022-23,Jonathan Kuminga,GSW,,20.0,67,1394.425,666,231,125,41,31,95,261,497,0.525,54,146,0.37,90,138,0.652,9.9403,3.4478,1.8657,0.597,0.5795,0.195,0.1287,0.0911,0.1455,-1.4
2022-23,Jusuf Nurkić,POR,,28.0,52,1391.415,694,471,149,43,44,119,262,505,0.519,43,119,0.361,127,192,0.661,13.3462,9.0577,2.8654,0.589,0.5614,0.218,0.1599,0.1885,0.168,0.3
2022-23,Dennis Smith Jr.,CHA,,25.0,54,1389.8433,474,167,261,75,25,82,186,452,0.412,24,111,0.216,78,106,0.736,8.7778,3.0926,4.8333,0.475,0.4381,0.175,0.2566,0.0542,0.1412,-2.6
2022-23,Larry Nance Jr.,NOP,,30.0,65,1380.8267,441,354,119,56,37,42,186,305,0.61,14,42,0.333,55,79,0.696,6.7846,5.4462,1.8308,0.649,0.6328,0.118,0.1152,0.1466,0.11,6.7
2022-23,Josh Okogie,PHX,,24.0,72,1350.59,529,251,105,56,34,63,162,414,0.391,66,197,0.335,139,192,0.724,7.3472,3.4861,1.4583,0.531,0.471,0.174,0.0997,0.103,0.1122,4.9
2022-23,Devonte' Graham,SAS,,28.0,73,1338.445,539,122,196,45,16,53,161,431,0.374,119,338,0.352,98,131,0.748,7.3836,1.6712,2.6849,0.552,0.5116,0.165,0.196,0.0449,0.0979,-6.2
2022-23,Terrence Ross,PHX,,32.0,63,1330.5083,522,154,95,35,10,43,200,465,0.43,95,258,0.368,27,34,0.794,8.2857,2.4444,1.5079,0.544,0.5323,0.166,0.0953,0.0641,0.0822,-2.6
2022-23,Luke Kennard,MEM,,27.0,59,1315.085,546,158,91,32,5,46,188,382,0.492,133,269,0.494,37,39,0.949,9.2542,2.678,1.5424,0.684,0.6662,0.144,0.0915,0.0659,0.1033,7.3
2022-23,Doug McDermott,SAS,,31.0,64,1314.2017,654,138,91,13,6,58,239,523,0.457,123,298,0.413,53,70,0.757,10.2188,2.1562,1.4219,0.59,0.5746,0.186,0.101,0.0517,0.0948,-9.7
2022-23,Talen Horton-Tucker,UTA,,22.0,65,1313.215,698,210,246,41,29,126,257,613,0.419,58,203,0.286,126,168,0.75,10.7385,3.2308,3.7846,0.508,0.4666,0.25,0.2665,0.0712,0.155,0.1
2022-23,Jose Alvarado,NOP,,25.0,61,1309.9817,550,141,186,67,10,81,201,489,0.411,83,247,0.336,65,80,0.813,9.0164,2.3115,3.0492,0.525,0.4959,0.191,0.1946,0.0616,0.1338,3.7
2022-23,Aaron Wiggins,OKC,,24.0,70,1297.4367,479,211,80,39,15,56,186,363,0.512,48,122,0.393,59,71,0.831,6.8429,3.0143,1.1429,0.607,0.5785,0.143,0.0816,0.0832,0.1244,1.5
2022-23,Lonnie Walker IV,LAL,,24.0,56,1297.0367,654,109,64,30,17,46,236,527,0.448,91,249,0.365,91,106,0.858,11.6786,1.9464,1.1429,0.57,0.5342,0.198,0.0687,0.0478,0.0742,-7.3
2022-23,Sam Hauser,BOS,,25.0,80,1289.8983,512,204,71,29,21,30,180,396,0.455,140,335,0.418,12,17,0.706,6.4,2.55,0.8875,0.634,0.6313,0.141,0.0762,0.089,0.0692,7.7
2022-23,Jalen Smith,IND,,23.0,68,1278.825,642,394,66,21,60,72,242,508,0.476,54,191,0.283,104,137,0.759,9.4412,5.7941,0.9706,0.565,0.5295,0.201,0.0773,0.1776,0.1125,-3.8
2022-23,LaMelo Ball,CHA,,21.0,36,1267.755,838,231,304,46,11,129,296,721,0.411,144,383,0.376,102,121,0.843,23.2778,6.4167,8.4444,0.541,0.5104,0.289,0.3794,0.0822,0.1428,-4.7
2022-23,David Roddy,MEM,,22.0,70,1258.5017,466,193,59,29,19,57,180,420,0.429,65,212,0.307,41,65,0.631,6.6571,2.7571,0.8429,0.519,0.506,0.163,0.062,0.0841,0.1127,-1.9
2022-23,Jaylen Nowell,MIN,,23.0,65,1251.695,704,170,132,42,5,65,280,625,0.448,67,232,0.289,77,99,0.778,10.8308,2.6154,2.0308,0.527,0.5016,0.238,0.1664,0.0765,0.0886,0.0
2022-23,Naz Reid,MIN,,23.0,68,1250.9083,781,333,77,42,53,92,310,577,0.537,75,217,0.346,86,127,0.677,11.4853,4.8971,1.1324,0.617,0.6023,0.242,0.101,0.1499,0.1269,-4.2
2022-23,Trey Lyles,SAC,,27.0,74,1247.235,562,300,66,27,31,64,187,408,0.458,87,240,0.363,101,124,0.815,7.5946,4.0541,0.8919,0.607,0.565,0.174,0.0707,0.138,0.1215,4.0
2022-23,Jalen Suggs,ORL,,22.0,53,1245.865,524,161,155,67,27,94,186,444,0.419,66,202,0.327,86,119,0.723,9.8868,3.0377,2.9245,0.528,0.4932,0.196,0.1772,0.0665,0.1592,-1.3
2022-23,Kevin Love,MIA,,34.0,62,1239.4783,509,399,116,16,12,70,165,424,0.389,99,296,0.334,80,91,0.879,8.2097,6.4355,1.871,0.548,0.5059,0.185,0.1392,0.1925,0.1311,3.9
2022-23,Cory Joseph,DET,,31.0,62,1227.4333,427,106,217,34,9,56,150,351,0.427,70,180,0.389,57,72,0.792,6.8871,1.7097,3.5,0.558,0.5271,0.149,0.2505,0.0446,0.1277,-4.1
2022-23,Delon Wright,WAS,,31.0,50,1221.1717,369,180,194,92,17,44,138,291,0.474,41,119,0.345,52,60,0.867,7.38,3.6,3.88,0.581,0.5447,0.125,0.2079,0.0777,0.1217,3.2
2022-23,Nick Richards,CHA,,25.0,65,1217.675,532,416,38,11,71,59,197,313,0.629,1,1,1.0,137,183,0.749,8.1846,6.4,0.5846,0.676,0.631,0.151,0.0443,0.1541,0.1304,-4.5
2022-23,Seth Curry,BKN,,32.0,61,1210.715,561,100,99,36,7,51,208,449,0.463,94,232,0.405,51,55,0.927,9.1967,1.6393,1.623,0.593,0.5679,0.188,0.137,0.0512,0.0973,-3.5
2022-23,Ochai Agbaji,UTA,,23.0,59,1209.2067,467,121,67,16,15,41,165,386,0.427,81,228,0.355,56,69,0.812,7.9153,2.0508,1.1356,0.561,0.5324,0.154,0.0727,0.0446,0.0896,-0.2
2022-23,Kenrich Williams,OKC,,28.0,53,1205.9817,425,261,105,45,14,32,179,346,0.517,50,134,0.373,17,39,0.436,8.0189,4.9245,1.9811,0.585,0.5896,0.134,0.116,0.1107,0.081,4.1
2022-23,Matisse Thybulle,POR,,26.0,71,1200.4383,293,140,53,83,32,24,110,253,0.435,54,148,0.365,19,28,0.679,4.1268,1.9718,0.7465,0.552,0.5415,0.102,0.0576,0.065,0.083,-0.5
2022-23,Cameron Johnson,BKN,,27.0,42,1199.815,650,185,78,50,14,37,223,474,0.47,103,255,0.404,101,120,0.842,15.4762,4.4048,1.8571,0.617,0.5791,0.202,0.1115,0.0956,0.0656,6.6
2022-23,Isaiah Livers,DET,,24.0,52,1198.7367,346,143,41,28,28,30,120,288,0.417,74,203,0.365,32,39,0.821,6.6538,2.75,0.7885,0.567,0.5451,0.117,0.047,0.0616,0.0895,-7.8
2022-23,Anthony Lamb,GSW,,25.0,62,1195.0183,415,215,96,28,20,54,148,314,0.471,73,199,0.367,46,60,0.767,6.6935,3.4677,1.5484,0.61,0.5876,0.136,0.1057,0.0989,0.1369,1.7
2022-23,Taurean Prince,MIN,,29.0,54,1192.5483,493,132,84,28,15,69,177,379,0.467,74,194,0.381,65,77,0.844,9.1296,2.4444,1.5556,0.597,0.5646,0.165,0.0993,0.0623,0.1432,0.9
2022-23,Andrew Wiggins,GSW,,28.0,37,1190.28,633,186,85,45,28,48,250,529,0.473,89,225,0.396,44,72,0.611,17.1081,5.027,2.2973,0.564,0.5567,0.212,0.106,0.0859,0.0789,5.2
2022-23,Jordan Nwora,IND,,24.0,62,1188.085,542,229,88,24,14,66,194,445,0.436,86,211,0.408,68,86,0.791,8.7419,3.6935,1.4194,0.561,0.5326,0.187,0.1068,0.1111,0.1203,-10.2
2022-23,Gary Harris,ORL,,28.0,48,1184.3517,397,98,59,45,12,28,138,307,0.45,94,218,0.431,27,30,0.9,8.2708,2.0417,1.2292,0.62,0.6026,0.125,0.0678,0.0426,0.0804,-2.8
2022-23,Tre Mann,OKC,,22.0,67,1183.3883,517,155,120,40,11,62,197,501,0.393,81,257,0.315,42,55,0.764,7.7164,2.3134,1.791,0.492,0.4741,0.2,0.1384,0.067,0.1056,1.0
2022-23,Trendon Watford,POR,,22.0,62,1181.6083,459,238,130,32,12,71,181,323,0.56,25,64,0.391,72,100,0.72,7.4032,3.8387,2.0968,0.625,0.5991,0.158,0.1561,0.1122,0.1621,-7.1
2022-23,Christian Braun,DEN,,22.0,76,1181.14,360,181,59,41,17,35,143,289,0.495,34,96,0.354,40,64,0.625,4.7368,2.3816,0.7763,0.568,0.5536,0.127,0.0641,0.0944,0.0994,-4.3
2022-23,Xavier Tillman,MEM,,24.0,61,1180.1083,429,307,96,58,29,44,188,306,0.614,4,15,0.267,49,89,0.551,7.0328,5.0328,1.5738,0.621,0.6209,0.136,0.1099,0.1427,0.1131,0.7
2022-23,Devin Vassell,SAS,,22.0,38,1178.0783,703,148,136,43,17,57,261,595,0.439,103,266,0.387,78,100,0.78,18.5,3.8947,3.5789,0.55,0.5252,0.24,0.1787,0.0619,0.0819,-11.7
2022-23,Collin Sexton,UTA,,24.0,48,1145.1533,685,105,138,27,6,85,237,468,0.506,48,122,0.393,163,199,0.819,14.2708,2.1875,2.875,0.616,0.5577,0.23,0.1742,0.0408,0.1327,0.1
2022-23,Precious Achiuwa,TOR,,23.0,55,1140.52,508,328,50,31,30,59,196,404,0.485,29,108,0.269,87,124,0.702,9.2364,5.9636,0.9091,0.554,0.521,0.19,0.0628,0.1777,0.114,-1.6
2022-23,Steven Adams,MEM,,29.0,42,1133.2917,361,485,97,36,46,79,157,263,0.597,0,1,0.0,47,129,0.364,8.5952,11.5476,2.3095,0.564,0.597,0.139,0.1125,0.2347,0.1981,9.7
2022-23,Alec Burks,DET,,31.0,51,1122.4433,652,158,114,38,8,58,200,459,0.436,99,239,0.414,153,188,0.814,12.7843,3.098,2.2353,0.602,0.5436,0.218,0.1563,0.0727,0.0967,-1.0
2022-23,Lamar Stevens,CLE,,25.0,62,1120.4833,328,207,33,27,19,27,129,288,0.448,30,95,0.316,40,57,0.702,5.2903,3.3387,0.5323,0.524,0.5,0.136,0.0393,0.1046,0.0794,1.2
2022-23,Moritz Wagner,ORL,,26.0,57,1109.4667,600,259,84,37,13,68,198,396,0.5,51,163,0.313,153,182,0.841,10.5263,4.5439,1.4737,0.63,0.5644,0.201,0.1125,0.1201,0.125,-1.1
2022-23,Victor Oladipo,MIA,,31.0,42,1105.64,449,128,146,57,12,87,160,403,0.397,70,212,0.33,59,79,0.747,10.6905,3.0476,3.4762,0.513,0.4839,0.204,0.1998,0.0692,0.1658,-1.5
2022-23,Jordan Goodwin,WAS,,24.0,62,1105.4233,407,205,168,58,26,57,158,353,0.448,38,118,0.322,53,69,0.768,6.5645,3.3065,2.7097,0.531,0.5014,0.165,0.2069,0.0978,0.1294,-4.5
2022-23,Ben Simmons,BKN,,26.0,42,1105.0167,291,263,256,54,24,97,133,235,0.566,0,2,0.0,25,57,0.439,6.9286,6.2619,6.0952,0.559,0.566,0.142,0.3572,0.1476,0.2716,2.1
2022-23,Jeff Green,DEN,,36.0,56,1091.1167,437,144,69,18,17,46,160,328,0.488,30,104,0.288,87,117,0.744,7.8036,2.5714,1.2321,0.576,0.5335,0.167,0.0839,0.0813,0.1081,-8.0
2022-23,Brandon Clarke,MEM,,26.0,56,1090.1383,559,310,72,34,37,55,229,349,0.656,1,6,0.167,100,139,0.719,9.9821,5.5357,1.2857,0.681,0.6576,0.174,0.0958,0.1559,0.1182,0.7
2022-23,Bones Hyland,LAC,,22.0,56,1085.4883,659,135,172,39,15,82,228,571,0.399,117,315,0.371,86,102,0.843,11.7679,2.4107,3.0714,0.535,0.5018,0.271,0.2408,0.0811,0.1175,-5.3
2022-23,Oshae Brissett,IND,,25.0,65,1083.1767,398,218,44,33,13,34,123,319,0.386,48,155,0.31,104,145,0.717,6.1231,3.3538,0.6769,0.52,0.4608,0.155,0.0547,0.116,0.0816,0.6
2022-23,Thomas Bryant,DEN,,25.0,59,1081.4867,579,339,31,16,30,38,230,369,0.623,26,59,0.441,93,126,0.738,9.8136,5.7458,0.5254,0.682,0.6585,0.181,0.0417,0.1931,0.0822,-4.7
2022-23,Obi Toppin,NYK,,25.0,67,1050.5083,497,187,66,23,12,38,187,419,0.446,85,247,0.344,38,47,0.809,7.4179,2.791,0.9851,0.565,0.5477,0.187,0.0949,0.1087,0.0796,2.4
2022-23,Joe Ingles,MIL,,35.0,46,1043.4983,317,128,150,33,6,55,108,248,0.435,83,203,0.409,18,21,0.857,6.8913,2.7826,3.2609,0.616,0.6028,0.122,0.1786,0.0617,0.1761,2.5
2022-23,Isaiah Jackson,IND,,21.0,63,1042.2933,455,282,51,31,93,51,179,318,0.563,2,14,0.143,95,146,0.651,7.2222,4.4762,0.8095,0.595,0.566,0.165,0.0715,0.1559,0.1177,-5.6
2022-23,Dyson Daniels,NOP,,20.0,59,1042.125,227,188,134,43,11,57,87,208,0.418,27,86,0.314,26,40,0.65,3.8475,3.1864,2.2712,0.503,0.4832,0.113,0.1608,0.1032,0.2017,0.4
2022-23,Jalen Johnson,ATL,,21.0,70,1041.6017,395,282,83,38,34,41,158,322,0.491,30,104,0.288,49,78,0.628,5.6429,4.0286,1.1857,0.554,0.5373,0.156,0.1056,0.1622,0.1032,0.3
2022-23,Wenyen Gabriel,LAL,,26.0,68,1023.75,372,286,36,26,35,46,155,260,0.596,10,36,0.278,52,84,0.619,5.4706,4.2059,0.5294,0.626,0.6154,0.135,0.047,0.1588,0.1341,-0.2
2022-23,Austin Rivers,MIN,,30.0,52,1016.33,255,83,75,28,4,23,91,209,0.435,43,123,0.35,30,39,0.769,4.9038,1.5962,1.4423,0.564,0.5383,0.104,0.0961,0.046,0.0923,-4.9
2022-23,Hamidou Diallo,DET,,24.0,56,995.865,522,194,55,53,16,71,215,375,0.573,5,21,0.238,87,148,0.588,9.3214,3.4643,0.9821,0.593,0.58,0.21,0.0902,0.1006,0.1389,-0.6
2022-23,Will Barton,TOR,,32.0,56,992.96,379,137,112,28,13,48,138,364,0.379,66,180,0.367,37,47,0.787,6.7679,2.4464,2.0,0.493,0.4698,0.182,0.1543,0.0853,0.1109,-8.4
2022-23,Marvin Bagley III,DET,,24.0,42,990.455,504,269,36,19,30,46,202,382,0.529,19,66,0.288,81,108,0.75,12.0,6.4048,0.8571,0.587,0.5537,0.202,0.0582,0.1402,0.0967,-10.6
2022-23,Cam Reddish,POR,,23.0,40,989.6067,387,88,57,39,14,47,139,312,0.446,45,144,0.313,64,75,0.853,9.675,2.2,1.425,0.561,0.5176,0.166,0.0803,0.0495,0.1199,-9.0
2022-23,Jock Landale,PHX,,27.0,69,978.4967,456,280,68,16,30,59,178,337,0.528,21,84,0.25,79,105,0.752,6.6087,4.058,0.9855,0.595,0.5593,0.182,0.0968,0.1585,0.1334,7.9
2022-23,Nassir Little,POR,,23.0,54,976.0567,359,141,50,20,20,36,134,303,0.442,58,158,0.367,33,46,0.717,6.6481,2.6111,0.9259,0.555,0.538,0.158,0.0711,0.0805,0.1002,-8.8
2022-23,Usman Garuba,HOU,,21.0,75,970.18,225,307,64,44,29,47,86,177,0.486,24,59,0.407,29,47,0.617,3.0,4.0933,0.8533,0.569,0.5537,0.099,0.085,0.1543,0.1921,-12.2
2022-23,Haywood Highsmith,MIA,,26.0,54,969.4,236,188,43,36,17,45,93,216,0.431,37,109,0.339,13,28,0.464,4.3704,3.4815,0.7963,0.517,0.5162,0.121,0.0625,0.116,0.1646,-5.2
2022-23,JT Thor,CHA,,20.0,69,968.775,262,152,36,22,23,44,95,238,0.399,39,123,0.317,33,47,0.702,3.7971,2.2029,0.5217,0.506,0.4811,0.13,0.0484,0.0708,0.1454,-7.5
2022-23,Cameron Payne,PHX,,28.0,48,968.3117,493,106,214,33,8,81,188,453,0.415,68,185,0.368,49,64,0.766,10.2708,2.2083,4.4583,0.512,0.4901,0.239,0.3131,0.0607,0.1441,4.1
2022-23,Kendrick Nunn,WAS,,27.0,70,963.43,496,109,90,28,7,66,191,450,0.424,79,223,0.354,35,41,0.854,7.0857,1.5571,1.2857,0.53,0.5122,0.227,0.1376,0.0597,0.1236,-2.3
2022-23,Karl-Anthony Towns,MIN,,27.0,29,957.05,602,236,140,20,17,86,212,428,0.495,60,164,0.366,118,135,0.874,20.7586,8.1379,4.8276,0.618,0.5654,0.25,0.23,0.1389,0.15,1.8
2022-23,Zion Williamson,NOP,,22.0,29,956.0983,754,202,133,32,16,99,285,469,0.608,7,19,0.368,177,248,0.714,26.0,6.9655,4.5862,0.652,0.6151,0.288,0.2378,0.1208,0.1462,7.8
2022-23,Kevin Knox II,POR,,23.0,63,951.7233,415,177,33,24,12,50,152,332,0.458,65,186,0.349,46,60,0.767,6.5873,2.8095,0.5238,0.579,0.5557,0.175,0.0497,0.1036,0.1224,-11.4
2022-23,Cam Thomas,BKN,,21.0,57,947.5533,604,95,78,20,7,63,201,456,0.441,51,133,0.383,151,174,0.868,10.5965,1.6667,1.3684,0.567,0.4967,0.268,0.1479,0.0622,0.1058,-1.6
2022-23,Mike Muscala,BOS,,31.0,63,945.09,383,203,50,15,24,23,131,292,0.449,81,207,0.391,40,52,0.769,6.0794,3.2222,0.7937,0.608,0.5873,0.146,0.0732,0.1209,0.0681,8.8
2022-23,Maxi Kleber,DAL,,31.0,37,929.7683,220,135,52,12,30,27,77,169,0.456,39,112,0.348,27,38,0.711,5.9459,3.6486,1.4054,0.592,0.571,0.1,0.0708,0.0806,0.1269,-2.9
2022-23,Yuta Watanabe,BKN,,28.0,58,927.7867,322,141,48,25,17,22,114,232,0.491,60,135,0.444,34,47,0.723,5.5517,2.431,0.8276,0.637,0.6207,0.127,0.0801,0.0942,0.0801,-0.6
2022-23,Ish Wainright,PHX,,28.0,60,915.1267,251,139,53,38,22,22,84,227,0.37,57,173,0.329,26,31,0.839,4.1833,2.3167,0.8833,0.522,0.4956,0.117,0.0717,0.0842,0.0838,6.1
2022-23,Daishen Nix,HOU,,21.0,57,914.3833,226,98,132,31,7,86,81,237,0.342,40,140,0.286,24,36,0.667,3.9649,1.7193,2.3158,0.447,0.4262,0.149,0.1859,0.0522,0.2538,-8.2
2022-23,Jaylin Williams,OKC,,21.0,49,914.1583,288,241,76,28,12,37,102,234,0.436,46,113,0.407,38,54,0.704,5.8776,4.9184,1.551,0.559,0.5342,0.133,0.1056,0.1349,0.1255,-4.6
2022-23,Chris Duarte,IND,,26.0,46,897.2267,362,115,64,25,9,41,123,333,0.369,55,174,0.316,61,72,0.847,7.8696,2.5,1.3913,0.496,0.452,0.181,0.0991,0.0739,0.1011,-6.2
2022-23,Derrick Jones Jr.,CHI,,26.0,64,893.4083,319,153,34,29,37,25,115,230,0.5,27,80,0.338,62,84,0.738,4.9844,2.3906,0.5312,0.597,0.5587,0.138,0.0529,0.1002,0.0856,6.7
2022-23,Dean Wade,CLE,,26.0,44,891.5633,206,150,37,28,21,17,73,177,0.412,45,127,0.354,15,23,0.652,4.6818,3.4091,0.8409,0.55,0.5395,0.1,0.0531,0.0952,0.0833,6.5
2022-23,Vlatko Cancar,DEN,,26.0,60,889.0233,297,128,80,22,14,37,108,227,0.476,43,115,0.374,38,41,0.927,4.95,2.1333,1.3333,0.606,0.5705,0.134,0.1155,0.0887,0.1312,-3.9
2022-23,Nickeil Alexander-Walker,MIN,,24.0,59,883.885,363,101,108,32,21,55,131,295,0.444,61,159,0.384,40,60,0.667,6.1525,1.7119,1.8305,0.565,0.5475,0.177,0.1723,0.0643,0.1461,-2.0
2022-23,Bismack Biyombo,PHX,,30.0,61,874.085,263,260,56,18,88,51,119,206,0.578,0,0,0.0,25,70,0.357,4.3115,4.2623,0.918,0.555,0.5777,0.136,0.0839,0.1648,0.1772,3.1
2022-23,Goran Dragic,MIL,,37.0,58,870.015,365,81,151,13,4,63,141,335,0.421,52,145,0.359,31,45,0.689,6.2931,1.3966,2.6034,0.514,0.4985,0.198,0.2325,0.0468,0.1508,-0.6
2022-23,James Wiseman,DET,,22.0,45,867.1867,450,267,30,7,27,51,189,339,0.558,4,20,0.2,68,97,0.701,10.0,5.9333,0.6667,0.589,0.5634,0.212,0.0567,0.159,0.1179,-17.2
2022-23,Theo Maledon,CHA,,22.0,44,853.6567,295,123,152,37,12,59,102,254,0.402,28,95,0.295,63,74,0.851,6.7045,2.7955,3.4545,0.515,0.4567,0.166,0.2386,0.065,0.1707,-8.9
2022-23,Andre Drummond,CHI,,29.0,67,849.1383,399,444,33,45,27,75,166,274,0.606,0,3,0.0,67,125,0.536,5.9552,6.6269,0.4925,0.606,0.6058,0.196,0.0595,0.3059,0.1856,2.6
2022-23,Aaron Holiday,ATL,,26.0,63,845.2567,247,74,89,37,12,36,92,220,0.418,36,88,0.409,27,32,0.844,3.9206,1.1746,1.4127,0.528,0.5,0.129,0.1321,0.0525,0.1333,0.9
2022-23,Romeo Langford,SAS,,23.0,43,844.3017,297,114,50,24,13,30,121,259,0.467,16,61,0.262,39,56,0.696,6.907,2.6512,1.1628,0.524,0.4981,0.148,0.0818,0.0665,0.0957,-8.5
2022-23,Terence Davis,SAC,,26.0,64,840.9767,431,139,67,43,12,53,154,364,0.423,89,243,0.366,34,43,0.791,6.7344,2.1719,1.0469,0.563,0.5453,0.215,0.1113,0.0948,0.1216,4.0
2022-23,George Hill,IND,,37.0,46,833.31,232,85,110,26,6,34,78,166,0.47,34,95,0.358,42,55,0.764,5.0435,1.8478,2.3913,0.61,0.5723,0.11,0.173,0.0588,0.1517,1.9
2022-23,Mark Williams,CHA,,21.0,43,827.975,387,304,18,28,45,40,160,251,0.637,0,0,0.0,67,97,0.691,9.0,7.0698,0.4186,0.659,0.6375,0.168,0.0323,0.1656,0.1199,-4.7
2022-23,Robert Williams III,BOS,,25.0,35,823.55,279,292,50,22,48,34,127,170,0.747,0,1,0.0,25,41,0.61,7.9714,8.3429,1.4286,0.742,0.7471,0.113,0.0858,0.1995,0.1531,11.4
2022-23,Wesley Matthews,MIL,,36.0,52,820.425,179,113,34,20,13,18,58,160,0.363,39,124,0.315,24,28,0.857,3.4423,2.1731,0.6538,0.519,0.4844,0.095,0.0495,0.0693,0.0946,2.8
2022-23,Moses Moody,GSW,,21.0,63,817.1467,302,105,51,18,7,34,108,227,0.476,49,135,0.363,37,53,0.698,4.7937,1.6667,0.8095,0.603,0.5837,0.141,0.0831,0.0707,0.1196,-0.6
2022-23,Ty Jerome,GSW,,25.0,45,815.5783,309,78,135,23,5,30,118,242,0.488,35,90,0.389,38,41,0.927,6.8667,1.7333,3.0,0.594,0.5599,0.147,0.224,0.0526,0.1034,-5.6
2022-23,Rudy Gay,UTA,,36.0,56,815.5683,293,163,57,19,18,37,109,287,0.38,33,130,0.254,42,49,0.857,5.2321,2.9107,1.0179,0.475,0.4373,0.173,0.0914,0.089,0.1071,2.9
2022-23,Jeremiah Robinson-Earl,OKC,,22.0,43,813.7083,292,180,43,24,11,19,110,248,0.444,37,111,0.333,35,42,0.833,6.7907,4.186,1.0,0.548,0.5181,0.143,0.0692,0.1132,0.0666,-0.9
2022-23,Jericho Sims,NYK,,24.0,52,812.4033,178,242,25,15,28,27,83,107,0.776,0,1,0.0,12,16,0.75,3.4231,4.6538,0.4808,0.78,0.7757,0.074,0.0417,0.1819,0.1914,-6.7
2022-23,Caleb Houstan,ORL,,20.0,51,812.19,193,99,30,12,7,18,66,182,0.363,46,136,0.338,15,18,0.833,3.7843,1.9412,0.5882,0.508,0.489,0.107,0.048,0.0627,0.0866,-5.3
2022-23,Danuel House Jr.,PHI,,30.0,56,807.025,268,94,44,14,9,26,93,197,0.472,37,110,0.336,45,60,0.75,4.7857,1.6786,0.7857,0.6,0.566,0.133,0.0746,0.0733,0.1043,0.3
2022-23,Landry Shamet,PHX,,26.0,40,806.91,346,67,93,26,5,36,113,300,0.377,75,199,0.377,45,51,0.882,8.65,1.675,2.325,0.537,0.5017,0.186,0.1517,0.046,0.1004,2.2
2022-23,Dario Saric,OKC,,29.0,57,805.9533,362,207,74,20,7,55,127,277,0.458,45,115,0.391,63,76,0.829,6.3509,3.6316,1.2982,0.583,0.5397,0.186,0.1238,0.1314,0.1505,1.6
2022-23,Luke Kornet,BOS,,27.0,69,804.0883,261,197,53,11,46,25,113,170,0.665,3,13,0.231,32,39,0.821,3.7826,2.8551,0.7681,0.697,0.6735,0.111,0.0914,0.1379,0.1178,3.9
2022-23,Christian Koloko,TOR,,23.0,58,801.7933,182,171,31,21,57,20,72,150,0.48,1,12,0.083,37,59,0.627,3.1379,2.9483,0.5345,0.517,0.4833,0.1,0.0496,0.1318,0.1021,9.0
2022-23,Khris Middleton,MIL,,31.0,33,800.7733,497,140,163,23,5,71,177,406,0.436,51,162,0.315,92,102,0.902,15.0606,4.2424,4.9394,0.551,0.4988,0.259,0.2961,0.0879,0.136,6.1
2022-23,JaMychal Green,GSW,,33.0,57,796.7,366,205,51,25,23,52,136,252,0.54,42,111,0.378,52,67,0.776,6.4211,3.5965,0.8947,0.65,0.623,0.169,0.0898,0.1415,0.1559,-8.2
2022-23,Thaddeus Young,TOR,,35.0,54,795.46,240,166,75,54,5,42,108,198,0.545,6,34,0.176,18,26,0.692,4.4444,3.0741,1.3889,0.573,0.5606,0.131,0.1284,0.129,0.167,-5.6
2022-23,Bryce McGowens,CHA,,20.0,46,786.9967,246,93,54,15,6,43,80,202,0.396,26,80,0.325,60,80,0.75,5.3478,2.0217,1.1739,0.519,0.4604,0.147,0.0898,0.0533,0.1535,-9.7
2022-23,Josh Christopher,HOU,,21.0,64,786.215,372,71,73,33,15,60,153,329,0.465,21,89,0.236,45,60,0.75,5.8125,1.1094,1.1406,0.523,0.497,0.215,0.1385,0.044,0.1444,-13.9
2022-23,Robert Covington,LAC,,32.0,48,778.6417,288,166,57,38,33,32,102,229,0.445,54,136,0.397,30,40,0.75,6.0,3.4583,1.1875,0.584,0.5633,0.149,0.0993,0.1391,0.1149,-1.0
2022-23,Justise Winslow,POR,,27.0,29,775.7917,196,145,98,30,11,43,81,198,0.409,14,45,0.311,20,28,0.714,6.7586,5.0,3.3793,0.466,0.4444,0.139,0.1676,0.1041,0.1697,-2.6
2022-23,Mo Bamba,LAL,,25.0,49,768.4283,323,225,46,13,43,30,117,241,0.485,48,124,0.387,41,62,0.661,6.5918,4.5918,0.9388,0.602,0.5851,0.166,0.08,0.1665,0.1006,1.5
2022-23,Simone Fontecchio,UTA,,27.0,52,765.8117,328,86,42,15,8,39,115,312,0.369,63,191,0.33,35,44,0.795,6.3077,1.6538,0.8077,0.495,0.4696,0.192,0.0733,0.05,0.1053,-13.1
2022-23,Miles McBride,NYK,,22.0,64,760.2467,222,50,72,37,8,25,77,215,0.358,40,134,0.299,28,42,0.667,3.4688,0.7812,1.125,0.475,0.4512,0.141,0.1282,0.0402,0.0967,3.6
2022-23,Paul Reed,PHI,,24.0,69,755.1633,287,262,27,45,51,45,124,209,0.593,1,6,0.167,38,51,0.745,4.1594,3.7971,0.3913,0.62,0.5957,0.152,0.0524,0.2184,0.1628,-0.4
2022-23,John Wall,LAC,,32.0,34,754.73,386,92,178,27,12,80,138,339,0.407,33,109,0.303,77,113,0.681,11.3529,2.7059,5.2353,0.497,0.4558,0.259,0.3442,0.0795,0.1707,-6.6
2022-23,R.J. Hampton,DET,,22.0,47,749.635,302,87,54,27,9,42,102,237,0.43,41,116,0.353,57,76,0.75,6.4255,1.8511,1.1489,0.558,0.5169,0.175,0.1041,0.0599,0.1344,-8.7
2022-23,Edmond Sumner,BKN,,27.0,53,736.1567,378,79,68,31,10,50,124,269,0.461,31,87,0.356,99,108,0.917,7.1321,1.4906,1.283,0.597,0.5186,0.209,0.1538,0.0665,0.1364,1.7
2022-23,Zeke Nnaji,DEN,,22.0,53,727.7983,277,138,18,17,23,31,110,196,0.561,17,65,0.262,40,62,0.645,5.2264,2.6038,0.3396,0.62,0.6046,0.149,0.033,0.1168,0.1219,-5.9
2022-23,Jaden Hardy,DAL,,20.0,48,708.39,420,89,65,17,7,46,146,333,0.438,63,156,0.404,65,79,0.823,8.75,1.8542,1.3542,0.571,0.533,0.248,0.1377,0.0697,0.1112,-3.1
2022-23,Justin Holiday,DAL,,34.0,46,706.1133,205,55,41,19,19,22,77,204,0.377,46,143,0.322,5,8,0.625,4.4565,1.1957,0.8913,0.494,0.4902,0.132,0.076,0.0432,0.0959,-9.1
2022-23,MarJon Beauchamp,MIL,,22.0,52,701.3817,266,115,35,21,7,45,96,243,0.395,47,142,0.331,27,37,0.73,5.1154,2.2115,0.6731,0.513,0.4918,0.175,0.0647,0.0825,0.1479,-7.2
2022-23,Aleksej Pokusevski,OKC,,21.0,34,701.3483,276,159,64,20,43,43,108,249,0.434,38,104,0.365,22,35,0.629,8.1176,4.6765,1.8824,0.522,0.51,0.179,0.1225,0.116,0.1399,-12.7
2022-23,Juan Toscano-Anderson,UTA,,30.0,52,700.0583,155,124,65,16,10,34,64,143,0.448,8,43,0.186,19,24,0.792,2.9808,2.3846,1.25,0.505,0.4755,0.109,0.115,0.0789,0.1813,-9.9
2022-23,Malachi Flynn,TOR,,25.0,53,690.7883,246,76,70,21,4,25,87,242,0.36,47,133,0.353,25,33,0.758,4.6415,1.434,1.3208,0.479,0.4566,0.168,0.1362,0.068,0.0888,-3.5
2022-23,Duncan Robinson,MIA,,29.0,42,690.46,268,69,46,14,0,28,88,237,0.371,63,192,0.328,29,32,0.906,6.381,1.6429,1.0952,0.534,0.5042,0.172,0.0982,0.0598,0.1003,-5.0
2022-23,Chimezie Metu,SAC,,26.0,66,689.0167,321,198,40,22,21,32,129,219,0.589,9,38,0.237,54,73,0.74,4.8636,3.0,0.6061,0.639,0.6096,0.168,0.0816,0.1649,0.113,6.7
2022-23,T.J. Warren,PHX,,29.0,42,686.7083,314,121,40,22,12,20,132,270,0.489,22,67,0.328,28,35,0.8,7.4762,2.881,0.9524,0.55,0.5296,0.185,0.0823,0.0976,0.0655,4.4
2022-23,Garrison Mathews,ATL,,26.0,54,686.2583,257,73,26,24,5,19,73,201,0.363,63,180,0.35,48,53,0.906,4.7593,1.3519,0.4815,0.573,0.5199,0.139,0.0474,0.0637,0.0781,-6.4
2022-23,Montrezl Harrell,PHI,,29.0,57,681.075,320,159,33,17,25,35,125,209,0.598,0,6,0.0,70,101,0.693,5.614,2.7895,0.5789,0.631,0.5981,0.178,0.0731,0.147,0.1213,2.2
2022-23,Jordan McLaughlin,MIN,,27.0,43,678.49,161,62,148,32,4,33,61,145,0.421,24,78,0.308,15,18,0.833,3.7442,1.4419,3.4419,0.526,0.5034,0.112,0.2842,0.0515,0.1775,5.8
2022-23,Jae'Sean Tate,HOU,,27.0,31,677.4883,283,118,84,21,7,47,110,229,0.48,13,46,0.283,50,69,0.725,9.129,3.8065,2.7097,0.546,0.5087,0.178,0.1764,0.0849,0.1534,-7.3
2022-23,Blake Wesley,SAS,,20.0,37,669.055,184,82,98,25,5,65,69,215,0.321,20,52,0.385,26,44,0.591,4.973,2.2162,2.6486,0.393,0.3674,0.18,0.1916,0.0604,0.2171,-13.4
2022-23,Sandro Mamukelashvili,SAS,,24.0,43,659.6533,263,185,62,14,12,35,97,230,0.422,30,99,0.303,39,57,0.684,6.1163,4.3023,1.4419,0.516,0.487,0.177,0.1304,0.1382,0.1207,-10.1
2022-23,Eugene Omoruyi,DET,,26.0,40,645.3233,278,111,28,28,3,34,101,228,0.443,25,89,0.281,51,75,0.68,6.95,2.775,0.7,0.533,0.4978,0.192,0.0646,0.0888,0.1153,-1.9
2022-23,Payton Pritchard,BOS,,25.0,48,642.7767,270,88,64,14,1,40,101,245,0.412,56,154,0.364,12,16,0.75,5.625,1.8333,1.3333,0.536,0.5265,0.193,0.1413,0.077,0.137,1.4
2022-23,Amir Coffey,LAC,,26.0,50,625.2767,172,53,53,7,5,21,56,145,0.386,11,40,0.275,49,63,0.778,3.44,1.06,1.06,0.498,0.4241,0.128,0.1089,0.0553,0.1084,-8.9
2022-23,Anthony Gill,WAS,,30.0,59,624.5933,195,99,34,7,12,15,71,132,0.538,4,29,0.138,49,67,0.731,3.3051,1.678,0.5763,0.604,0.553,0.116,0.0713,0.0836,0.085,-0.8
2022-23,Jabari Walker,POR,,20.0,56,619.1633,216,131,34,10,13,29,83,198,0.419,16,56,0.286,34,45,0.756,3.8571,2.3393,0.6071,0.496,0.4596,0.164,0.0759,0.1178,0.1175,-9.0
2022-23,Darius Bazley,PHX,,23.0,43,616.1617,224,138,38,22,34,27,83,183,0.454,20,53,0.377,38,70,0.543,5.2093,3.2093,0.8837,0.524,0.5082,0.165,0.0806,0.1241,0.1121,-3.6
2022-23,Juancho Hernangomez,TOR,,27.0,42,613.495,122,123,25,16,6,15,48,114,0.421,17,67,0.254,9,16,0.563,2.9048,2.9286,0.5952,0.504,0.4956,0.092,0.0515,0.1239,0.1103,0.5
2022-23,Jaxson Hayes,NOP,,23.0,47,610.0567,233,132,34,20,19,31,86,156,0.551,3,29,0.103,58,83,0.699,4.9574,2.8085,0.7234,0.605,0.5609,0.149,0.0751,0.1237,0.1387,-5.4
2022-23,Frank Ntilikina,DAL,,24.0,47,607.5917,135,62,58,16,7,29,48,132,0.364,17,67,0.254,22,33,0.667,2.8723,1.3191,1.234,0.461,0.428,0.125,0.1203,0.0566,0.1652,5.1
2022-23,DeAndre Jordan,DEN,,34.0,39,585.855,199,202,34,12,23,48,88,115,0.765,1,1,1.0,22,48,0.458,5.1026,5.1795,0.8718,0.731,0.7696,0.134,0.0773,0.2124,0.2607,-8.4
2022-23,Blake Griffin,BOS,,34.0,41,568.885,170,155,61,14,9,22,63,130,0.485,23,66,0.348,21,32,0.656,4.1463,3.7805,1.4878,0.59,0.5731,0.125,0.1428,0.1533,0.1325,9.9
2022-23,Ousmane Dieng,OKC,,20.0,39,568.71,193,105,46,14,7,26,76,181,0.42,26,98,0.265,15,23,0.652,4.9487,2.6923,1.1795,0.505,0.4917,0.154,0.1057,0.0945,0.1197,2.9
2022-23,Kris Dunn,UTA,,29.0,22,567.5417,290,100,124,25,10,35,116,216,0.537,17,36,0.472,41,53,0.774,13.1818,4.5455,5.6364,0.606,0.5764,0.195,0.3147,0.0785,0.1276,-4.3
2022-23,Patty Mills,BKN,,34.0,40,566.6483,246,44,56,15,3,30,86,209,0.411,49,134,0.366,25,30,0.833,6.15,1.1,1.4,0.554,0.5287,0.182,0.1601,0.0481,0.119,-5.8
2022-23,Ricky Rubio,CLE,,32.0,33,565.9933,171,70,115,26,6,31,61,178,0.343,21,82,0.256,28,35,0.8,5.1818,2.1212,3.4848,0.442,0.4017,0.172,0.2688,0.07,0.1381,3.0
2022-23,Ziaire Williams,MEM,,21.0,37,560.755,210,79,35,14,6,37,84,196,0.429,25,97,0.258,17,22,0.773,5.6757,2.1351,0.9459,0.511,0.4923,0.178,0.0833,0.0773,0.1525,-5.2
2022-23,Day'Ron Sharpe,BKN,,21.0,48,552.4867,227,200,37,15,32,42,93,171,0.544,6,11,0.545,35,55,0.636,4.7292,4.1667,0.7708,0.581,0.5614,0.173,0.1115,0.2244,0.1771,-8.8
2022-23,Kai Jones,CHA,,22.0,46,549.6267,157,123,15,17,30,31,67,120,0.558,4,19,0.211,19,26,0.731,3.413,2.6739,0.3261,0.597,0.575,0.121,0.0367,0.101,0.1908,-3.1
2022-23,Lindy Waters III,OKC,,25.0,41,530.825,214,75,28,14,11,10,70,178,0.393,58,162,0.358,16,20,0.8,5.2195,1.8293,0.6829,0.573,0.5562,0.148,0.0688,0.0723,0.0508,10.5
2022-23,Rodney McGruder,DET,,31.0,32,523.9017,183,74,28,16,1,11,62,152,0.408,41,97,0.423,18,22,0.818,5.7188,2.3125,0.875,0.566,0.5428,0.135,0.0753,0.0729,0.0637,-3.5
2022-23,Chuma Okeke,ORL,,24.0,27,517.9867,128,96,37,19,11,17,43,122,0.352,26,86,0.302,16,21,0.762,4.7407,3.5556,1.3704,0.488,0.459,0.121,0.0929,0.0954,0.1147,-10.8
2022-23,James Bouknight,CHA,,22.0,34,515.4667,191,72,41,14,5,32,69,193,0.358,33,109,0.303,20,30,0.667,5.6176,2.1176,1.2059,0.463,0.443,0.192,0.1087,0.063,0.1343,-8.3
2022-23,Max Christie,LAL,,20.0,41,512.425,128,75,21,9,7,13,44,106,0.415,26,62,0.419,14,16,0.875,3.122,1.8293,0.5122,0.566,0.5377,0.1,0.0503,0.0832,0.1031,-7.1
2022-23,Charles Bassey,SAS,,22.0,35,507.8717,199,193,48,16,33,41,87,135,0.644,3,8,0.375,22,37,0.595,5.6857,5.5143,1.3714,0.658,0.6556,0.152,0.1357,0.1872,0.2132,-2.4
2022-23,Raul Neto,CLE,,31.0,48,505.2317,157,46,79,17,4,24,57,110,0.518,12,42,0.286,31,34,0.912,3.2708,0.9583,1.6458,0.628,0.5727,0.133,0.2082,0.0515,0.1611,1.4
2022-23,Davis Bertans,DAL,,30.0,45,491.8167,206,53,21,11,8,10,69,160,0.431,55,141,0.39,13,15,0.867,4.5778,1.1778,0.4667,0.618,0.6031,0.155,0.0583,0.0598,0.0566,-4.3
2022-23,Taj Gibson,WAS,,38.0,49,480.445,168,93,34,15,12,26,65,125,0.52,8,24,0.333,30,42,0.714,3.4286,1.898,0.6939,0.585,0.552,0.151,0.0954,0.1021,0.1534,-1.1
2022-23,Javonte Green,CHI,,29.0,32,480.2567,165,88,23,24,21,20,61,108,0.565,13,35,0.371,30,45,0.667,5.1562,2.75,0.7188,0.646,0.625,0.128,0.0664,0.1072,0.1353,5.9
2022-23,Damian Jones,UTA,,28.0,41,477.3917,142,122,15,8,21,23,55,86,0.64,10,17,0.588,22,29,0.759,3.4634,2.9756,0.3659,0.719,0.6977,0.102,0.0401,0.1138,0.1889,-9.0
2022-23,Isaiah Roby,NYK,,25.0,42,473.6283,172,108,38,18,7,31,67,155,0.432,18,60,0.3,20,41,0.488,4.0952,2.5714,0.9048,0.497,0.4903,0.173,0.1148,0.1393,0.1519,-10.4
2022-23,Stanley Johnson,UTA,,27.0,30,469.495,174,95,67,16,6,33,65,122,0.533,18,40,0.45,26,39,0.667,5.8,3.1667,2.2333,0.625,0.6066,0.148,0.1877,0.0901,0.1917,-7.0
2022-23,Svi Mykhailiuk,CHA,,26.0,32,467.9017,222,53,53,15,4,24,77,173,0.445,42,99,0.424,26,39,0.667,6.9375,1.6562,1.6562,0.584,0.5665,0.191,0.1616,0.0511,0.1121,1.0
2022-23,Evan Fournier,NYK,,30.0,27,458.6933,165,49,36,16,3,22,56,166,0.337,35,114,0.307,18,21,0.857,6.1111,1.8148,1.3333,0.471,0.4428,0.179,0.1093,0.0652,0.1115,-4.7
2022-23,Willy Hernangomez,NOP,,29.0,38,457.6617,262,180,33,17,13,39,89,169,0.527,3,11,0.273,81,104,0.779,6.8947,4.7368,0.8684,0.61,0.5355,0.222,0.1047,0.2249,0.1537,1.7
2022-23,Kevon Harris,ORL,,26.0,34,457.0483,141,70,16,17,5,21,47,107,0.439,16,43,0.372,31,41,0.756,4.1471,2.0588,0.4706,0.564,0.514,0.129,0.0468,0.0788,0.1438,0.3
2022-23,Goga Bitadze,ORL,,23.0,38,456.8017,167,137,39,16,26,22,69,125,0.552,6,26,0.231,23,42,0.548,4.3947,3.6053,1.0263,0.582,0.576,0.147,0.1219,0.1543,0.1329,3.7
2022-23,Admiral Schofield,ORL,,26.0,37,451.2617,155,62,31,8,5,16,55,122,0.451,24,74,0.324,21,23,0.913,4.1892,1.6757,0.8378,0.587,0.5492,0.139,0.0941,0.0707,0.108,-8.3
2022-23,TyTy Washington Jr.,HOU,,21.0,31,432.7133,145,45,47,15,2,14,58,160,0.363,19,80,0.238,10,18,0.556,4.6774,1.4516,1.5161,0.432,0.4219,0.17,0.1486,0.0507,0.077,-6.1
2022-23,Dewayne Dedmon,PHI,,33.0,38,426.21,199,134,26,9,19,25,77,151,0.51,12,39,0.308,33,49,0.673,5.2368,3.5263,0.6842,0.577,0.5497,0.195,0.0916,0.1979,0.1265,-10.6
2022-23,Orlando Robinson,MIA,,22.0,31,425.15,116,126,25,12,12,16,47,89,0.528,0,6,0.0,22,31,0.71,3.7419,4.0645,0.8065,0.565,0.5281,0.116,0.0846,0.1772,0.1349,3.8
2022-23,Johnny Davis,WAS,,21.0,28,422.575,163,65,28,10,8,17,66,171,0.386,17,70,0.243,14,27,0.519,5.8214,2.3214,1.0,0.446,0.4357,0.192,0.0919,0.0811,0.0851,-6.2
2022-23,Keon Johnson,POR,,21.0,40,416.36,189,44,59,19,6,43,67,178,0.376,28,81,0.346,27,41,0.659,4.725,1.1,1.475,0.482,0.4551,0.237,0.2033,0.0589,0.1799,-16.2
2022-23,Jake LaRavia,MEM,,21.0,35,414.2867,105,63,21,12,4,18,37,95,0.389,24,71,0.338,7,9,0.778,3.0,1.8,0.6,0.531,0.5158,0.117,0.0626,0.0834,0.1539,-7.6
2022-23,Dominick Barlow,SAS,,20.0,28,407.565,110,102,24,10,19,15,46,86,0.535,0,4,0.0,18,25,0.72,3.9286,3.6429,0.8571,0.567,0.5349,0.107,0.078,0.1233,0.1339,-10.7
2022-23,Bruno Fernando,ATL,,24.0,39,405.1217,153,137,31,6,34,25,59,112,0.527,0,4,0.0,35,50,0.7,3.9231,3.5128,0.7949,0.571,0.5268,0.159,0.1006,0.2026,0.1572,-8.9
2022-23,Cade Cunningham,DET,,21.0,12,400.1833,239,74,72,10,7,39,93,224,0.415,17,61,0.279,36,43,0.837,19.9167,6.1667,6.0,0.492,0.4531,0.287,0.3021,0.0955,0.1383,-6.1
2022-23,Ish Smith,DEN,,34.0,43,397.9083,108,54,100,8,7,44,52,131,0.397,2,12,0.167,2,4,0.5,2.5116,1.2558,2.3256,0.407,0.4046,0.187,0.3263,0.0836,0.2489,-5.3
2022-23,Duane Washington Jr.,NYK,,23.0,31,393.8267,244,36,63,6,4,34,94,256,0.367,40,111,0.36,16,24,0.667,7.871,1.1613,2.0323,0.458,0.4453,0.298,0.266,0.0558,0.1131,-0.5
2022-23,Kessler Edwards,SAC,,22.0,36,385.7533,100,61,23,14,6,13,36,93,0.387,17,55,0.309,11,15,0.733,2.7778,1.6944,0.6389,0.502,0.4785,0.119,0.074,0.0907,0.1155,2.2
2022-23,Saben Lee,PHX,,24.0,25,373.53,151,45,67,19,1,24,49,121,0.405,11,30,0.367,42,57,0.737,6.04,1.8,2.68,0.517,0.4504,0.184,0.2333,0.0667,0.1411,-4.4
2022-23,Gary Payton II,GSW,,30.0,22,367.605,101,69,30,22,5,16,41,69,0.594,13,26,0.5,6,7,0.857,4.5909,3.1364,1.3636,0.701,0.6884,0.101,0.1057,0.1032,0.1817,5.4
2022-23,Udoka Azubuike,UTA,,23.0,36,358.535,125,119,11,6,15,18,59,72,0.819,0,0,0.0,7,20,0.35,3.4722,3.3056,0.3056,0.774,0.8194,0.113,0.0418,0.1478,0.1822,-11.7
2022-23,Gorgui Dieng,SAS,,33.0,31,358.1133,121,107,53,4,14,32,45,117,0.385,21,75,0.28,10,13,0.769,3.9032,3.4516,1.7097,0.493,0.4744,0.177,0.1995,0.1472,0.2068,-18.6
2022-23,Markieff Morris,DAL,,33.0,35,355.07,132,71,31,9,5,18,47,115,0.409,28,71,0.394,10,10,1.0,3.7714,2.0286,0.8857,0.553,0.5304,0.159,0.118,0.111,0.131,1.7
2022-23,JaVale McGee,DAL,,35.0,42,354.54,186,107,11,4,26,36,80,125,0.64,2,5,0.4,24,41,0.585,4.4286,2.5476,0.2619,0.65,0.648,0.214,0.048,0.1675,0.2011,-7.3
2022-23,Furkan Korkmaz,PHI,,25.0,37,353.49,140,42,22,10,3,24,48,111,0.432,18,46,0.391,26,36,0.722,3.7838,1.1351,0.5946,0.552,0.5135,0.176,0.0876,0.0748,0.1591,1.4
2022-23,Richaun Holmes,SAC,,29.0,42,347.575,130,80,9,3,11,14,55,89,0.618,5,8,0.625,15,19,0.789,3.0952,1.9048,0.2143,0.668,0.6461,0.132,0.035,0.132,0.1257,-9.3
2022-23,AJ Green,MIL,,23.0,35,344.95,154,45,22,6,0,9,53,125,0.424,44,105,0.419,4,4,1.0,4.4,1.2857,0.6286,0.607,0.6,0.159,0.0845,0.0656,0.0663,-4.9
2022-23,Davon Reed,DEN,,28.0,43,342.5483,89,59,23,15,4,20,28,84,0.333,17,46,0.37,16,24,0.667,2.0698,1.3721,0.5349,0.471,0.4345,0.142,0.082,0.1061,0.1746,-14.1
2022-23,Jae Crowder,MIL,,32.0,18,339.7083,124,69,27,12,6,7,45,94,0.479,24,55,0.436,10,12,0.833,6.8889,3.8333,1.5,0.624,0.6064,0.125,0.1024,0.1021,0.0659,-0.8
2022-23,Derrick Rose,NYK,,34.0,27,337.865,152,40,46,7,5,22,61,159,0.384,19,63,0.302,11,12,0.917,5.6296,1.4815,1.7037,0.463,0.4434,0.22,0.2064,0.0723,0.1181,-3.5
2022-23,McKinley Wright IV,DAL,,24.0,27,335.03,114,47,58,8,5,19,46,98,0.469,9,28,0.321,13,19,0.684,4.2222,1.7407,2.1481,0.536,0.5153,0.16,0.2355,0.0779,0.1516,-14.9
2022-23,Theo Pinson,DAL,,27.0,40,322.9567,95,63,46,6,1,12,31,87,0.356,22,62,0.355,11,13,0.846,2.375,1.575,1.15,0.512,0.4828,0.136,0.1834,0.1083,0.1146,-7.6
2022-23,Julian Champagnie,SAS,,22.0,17,320.135,165,60,10,6,5,11,59,130,0.454,33,82,0.402,14,17,0.824,9.7059,3.5294,0.5882,0.6,0.5808,0.181,0.0457,0.0923,0.0741,-10.6
2022-23,Matt Ryan,MIN,,26.0,34,310.1817,122,26,16,5,1,7,40,108,0.37,32,84,0.381,10,12,0.833,3.5882,0.7647,0.4706,0.538,0.5185,0.157,0.0708,0.0472,0.0582,2.2
2022-23,Robin Lopez,CLE,,35.0,37,298.4983,112,51,19,2,8,25,48,75,0.64,2,4,0.5,14,18,0.778,3.027,1.3784,0.5135,0.675,0.6533,0.156,0.0905,0.0967,0.2317,-8.7
2022-23,Moses Brown,LAC,,23.0,36,294.145,155,139,4,4,14,15,61,96,0.635,0,0,0.0,33,72,0.458,4.3056,3.8611,0.1111,0.607,0.6354,0.188,0.0206,0.3083,0.1051,3.5
2022-23,Nathan Knight,MIN,,25.0,38,290.7483,139,56,13,10,6,21,46,81,0.568,8,22,0.364,39,57,0.684,3.6579,1.4737,0.3421,0.655,0.6173,0.177,0.0639,0.1085,0.1653,-2.3
2022-23,Kennedy Chandler,MEM,,20.0,36,281.5083,78,38,58,12,5,18,35,83,0.422,2,15,0.133,6,13,0.462,2.1667,1.0556,1.6111,0.44,0.4337,0.15,0.2659,0.074,0.1687,-5.4
2022-23,Dalano Banton,TOR,,23.0,31,278.5433,142,45,36,13,13,18,55,130,0.423,15,51,0.294,17,24,0.708,4.5806,1.4516,1.1613,0.505,0.4808,0.229,0.1922,0.0999,0.1135,-6.5
2022-23,Trent Forrest,ATL,,25.0,23,276.975,52,37,38,7,2,15,25,60,0.417,0,2,0.0,2,3,0.667,2.2609,1.6087,1.6522,0.424,0.4167,0.116,0.1682,0.08,0.1965,-10.1
2022-23,Bryn Forbes,MIN,,29.0,25,267.72,89,15,17,7,2,12,30,83,0.361,14,46,0.304,15,15,1.0,3.56,0.6,0.68,0.497,0.4458,0.155,0.0852,0.0316,0.1181,-8.5
2022-23,Terry Taylor,CHI,,23.0,31,263.4367,89,47,10,3,6,9,39,75,0.52,5,19,0.263,6,11,0.545,2.871,1.5161,0.3226,0.557,0.5533,0.129,0.0542,0.1044,0.1013,4.5
2022-23,Jeff Dowtin Jr.,TOR,,26.0,25,258.7017,61,23,31,9,3,5,25,57,0.439,5,16,0.313,6,9,0.667,2.44,0.92,1.24,0.5,0.4825,0.106,0.1549,0.0549,0.0758,-0.6
2022-23,Brandon Boston Jr.,LAC,,21.0,22,248.345,143,30,20,9,0,12,51,122,0.418,12,29,0.414,29,38,0.763,6.5,1.3636,0.9091,0.515,0.4672,0.237,0.1215,0.0788,0.0796,-7.7
2022-23,KZ Okpala,SAC,,24.0,35,248.025,46,34,13,7,7,7,16,38,0.421,7,21,0.333,7,8,0.875,1.3143,0.9714,0.3714,0.554,0.5132,0.081,0.0628,0.0786,0.1443,1.5
2022-23,Luka Garza,MIN,,24.0,28,243.42,181,63,18,3,2,14,63,116,0.543,14,39,0.359,41,52,0.788,6.4643,2.25,0.6429,0.652,0.6034,0.245,0.1235,0.1457,0.0916,2.0
2022-23,Jamal Cain,MIA,,24.0,18,240.0467,98,52,12,11,1,6,37,66,0.561,7,20,0.35,17,22,0.773,5.4444,2.8889,0.6667,0.647,0.6136,0.139,0.0767,0.1296,0.0735,5.5
2022-23,Frank Kaminsky,HOU,,30.0,36,234.8633,89,52,32,6,4,9,31,63,0.492,13,33,0.394,14,16,0.875,2.4722,1.4444,0.8889,0.635,0.5952,0.146,0.1858,0.1079,0.1139,-1.9
2022-23,Kira Lewis Jr.,NOP,,22.0,25,234.7667,114,33,23,10,2,10,40,88,0.455,15,34,0.441,19,22,0.864,4.56,1.32,0.92,0.584,0.5398,0.192,0.1375,0.0804,0.0929,11.2
2022-23,Johnny Juzang,UTA,,22.0,18,232.25,87,39,8,4,3,3,35,104,0.337,15,63,0.238,2,4,0.5,4.8333,2.1667,0.4444,0.411,0.4087,0.187,0.0461,0.0748,0.0276,-17.7
2022-23,David Duke Jr.,BKN,,23.0,23,228.0233,85,29,21,10,1,18,36,78,0.462,1,12,0.083,12,17,0.706,3.6957,1.2609,0.913,0.497,0.4679,0.187,0.1507,0.0789,0.1739,-6.3
2022-23,Patrick Baldwin Jr.,GSW,,20.0,31,225.845,122,40,11,6,4,11,43,109,0.394,32,84,0.381,4,6,0.667,3.9355,1.2903,0.3548,0.546,0.5413,0.227,0.0703,0.0974,0.0897,-12.3
2022-23,John Butler Jr.,POR,,20.0,19,221.1017,45,17,11,7,9,1,17,53,0.321,8,35,0.229,3,4,0.75,2.3684,0.8947,0.5789,0.411,0.3962,0.102,0.0637,0.0428,0.0179,-16.1
2022-23,Cody Zeller,MIA,,30.0,15,216.6117,98,64,10,3,4,14,37,59,0.627,0,2,0.0,24,35,0.686,6.5333,4.2667,0.6667,0.659,0.6271,0.175,0.0727,0.1767,0.1584,-10.3
2022-23,Dalen Terry,CHI,,20.0,38,213.945,85,37,22,11,5,8,32,72,0.444,7,27,0.259,14,21,0.667,2.2368,0.9737,0.5789,0.523,0.4931,0.173,0.1472,0.1012,0.0896,3.3
2022-23,Matthew Dellavedova,SAC,,32.0,32,212.7983,47,13,41,7,0,10,17,50,0.34,9,27,0.333,4,7,0.571,1.4688,0.4062,1.2812,0.443,0.43,0.122,0.2353,0.035,0.1585,-8.8
2022-23,Thanasis Antetokounmpo,MIL,,30.0,37,206.2067,51,44,15,3,3,12,20,46,0.435,0,8,0.0,11,22,0.5,1.3784,1.1892,0.4054,0.458,0.4348,0.138,0.0896,0.1073,0.1773,-26.6
2022-23,Nikola Jović,MIA,,20.0,15,204.455,82,31,10,7,2,10,28,69,0.406,8,35,0.229,18,19,0.947,5.4667,2.0667,0.6667,0.53,0.4638,0.185,0.0731,0.0907,0.1145,-3.5
2022-23,Jared Rhoden,DET,,23.0,14,197.87,45,37,4,4,1,3,17,44,0.386,5,20,0.25,6,6,1.0,3.2143,2.6429,0.2857,0.482,0.4432,0.106,0.0272,0.0966,0.0604,4.3
2022-23,Moussa Diabaté,LAC,,21.0,22,195.4967,59,50,4,7,8,9,24,47,0.511,1,2,0.5,10,16,0.625,2.6818,2.2727,0.1818,0.546,0.5213,0.125,0.0275,0.1668,0.1428,-3.2
2022-23,Nerlens Noel,BKN,,29.0,17,194.68,35,46,10,16,10,13,13,36,0.361,1,2,0.5,8,12,0.667,2.0588,2.7059,0.5882,0.424,0.375,0.113,0.0732,0.1465,0.2395,-16.8
2022-23,Skylar Mays,POR,,25.0,6,188.7667,92,19,50,6,1,10,34,68,0.5,12,26,0.462,12,13,0.923,15.3333,3.1667,8.3333,0.624,0.5882,0.182,0.3908,0.0561,0.1194,-16.3
2022-23,Peyton Watson,DEN,,20.0,23,186.1117,75,37,11,2,11,8,29,59,0.492,6,14,0.429,11,20,0.55,3.2609,1.6087,0.4783,0.553,0.5424,0.174,0.0793,0.1225,0.1055,-12.0
2022-23,Serge Ibaka,MIL,,33.0,16,185.3583,66,44,4,2,7,11,26,54,0.481,6,18,0.333,8,13,0.615,4.125,2.75,0.25,0.553,0.537,0.159,0.0281,0.1194,0.1555,-6.5
2022-23,Kenneth Lofton Jr.,MEM,,20.0,24,175.9583,120,51,20,5,2,12,49,93,0.527,6,17,0.353,16,27,0.593,5.0,2.125,0.8333,0.572,0.5591,0.267,0.1831,0.1589,0.1027,-13.4
2022-23,Mamadi Diakite,CLE,,26.0,22,175.8783,57,30,8,4,9,12,24,50,0.48,7,21,0.333,2,2,1.0,2.5909,1.3636,0.3636,0.56,0.55,0.164,0.0625,0.0965,0.1908,0.7
2022-23,Ryan Arcidiacono,NYK,,29.0,20,172.3533,26,15,23,5,0,7,9,37,0.243,8,23,0.348,0,0,0.0,1.3,0.75,1.15,0.351,0.3514,0.106,0.1694,0.0532,0.1591,-12.8
2022-23,Noah Vonleh,BOS,,27.0,23,171.635,25,48,7,2,8,11,11,24,0.458,1,4,0.25,2,2,1.0,1.087,2.087,0.3043,0.502,0.4792,0.09,0.0511,0.1574,0.3066,-1.4
2022-23,Boban Marjanovic,HOU,,34.0,31,171.065,102,60,9,5,2,14,41,60,0.683,0,1,0.0,20,27,0.741,3.2903,1.9355,0.2903,0.71,0.6833,0.206,0.0841,0.171,0.163,18.5
2022-23,Vít Krejčí,ATL,,23.0,29,165.4233,36,26,17,5,1,5,15,37,0.405,5,21,0.238,1,2,0.5,1.2414,0.8966,0.5862,0.475,0.473,0.108,0.126,0.0942,0.1166,-1.8
2022-23,James Johnson,IND,,36.0,18,162.3583,51,30,15,7,6,8,22,49,0.449,3,15,0.2,4,8,0.5,2.8333,1.6667,0.8333,0.486,0.4796,0.152,0.1281,0.1065,0.1322,-1.1
2022-23,Khem Birch,SAS,,30.0,20,161.85,43,25,7,5,5,8,19,32,0.594,1,2,0.5,4,5,0.8,2.15,1.25,0.35,0.629,0.6094,0.113,0.0577,0.0761,0.1896,2.8
2022-23,Garrett Temple,NOP,,37.0,25,161.8233,50,17,13,9,2,4,18,45,0.4,11,26,0.423,3,4,0.75,2.0,0.68,0.52,0.535,0.5222,0.123,0.1041,0.0601,0.0788,-5.3
2022-23,Alex Len,SAC,,30.0,26,161.2467,43,60,12,4,11,16,16,30,0.533,0,2,0.0,11,16,0.688,1.6538,2.3077,0.4615,0.58,0.5333,0.132,0.0931,0.2135,0.3017,6.6
2022-23,Luka Samanic,UTA,,23.0,7,160.8133,69,30,15,6,2,10,26,57,0.456,8,31,0.258,9,13,0.692,9.8571,4.2857,2.1429,0.55,0.5263,0.193,0.1266,0.0831,0.1375,-1.7
2022-23,Dru Smith,BKN,,25.0,15,158.4267,44,24,22,10,4,3,18,45,0.4,5,19,0.263,3,3,1.0,2.9333,1.6,1.4667,0.475,0.4556,0.133,0.2119,0.0939,0.0608,-8.8
2022-23,Wendell Moore Jr.,MIN,,21.0,29,152.6583,42,18,18,8,5,8,18,43,0.419,2,17,0.118,4,5,0.8,1.4483,0.6207,0.6207,0.465,0.4419,0.139,0.1594,0.0664,0.1504,-13.5
2022-23,Otto Porter Jr.,TOR,,30.0,8,146.3417,44,19,8,11,0,4,15,30,0.5,6,17,0.353,8,8,1.0,5.5,2.375,1.0,0.656,0.6,0.104,0.0712,0.0802,0.1066,-5.0
2022-23,Kemba Walker,DAL,,33.0,9,143.9017,72,16,19,2,2,4,24,57,0.421,7,28,0.25,17,21,0.81,8.0,1.7778,2.1111,0.543,0.4825,0.215,0.1871,0.0617,0.0569,-1.9
2022-23,Danny Green,CLE,,36.0,11,138.7183,61,14,6,6,3,10,22,49,0.449,16,37,0.432,1,1,1.0,5.5455,1.2727,0.5455,0.617,0.6122,0.187,0.0613,0.0571,0.1682,-5.5
2022-23,Jarrett Culver,ATL,,24.0,10,136.875,44,38,6,6,2,7,17,43,0.395,1,12,0.083,9,13,0.692,4.4,3.8,0.6,0.452,0.407,0.164,0.0561,0.1663,0.1256,-5.7
2022-23,Quenton Jackson,WAS,,24.0,9,134.5833,56,8,15,4,1,4,19,42,0.452,1,12,0.083,17,22,0.773,6.2222,0.8889,1.6667,0.542,0.4643,0.164,0.1514,0.0314,0.0718,-6.7
2022-23,Cody Martin,CHA,,27.0,7,133.7117,35,24,11,4,1,2,14,36,0.389,3,14,0.214,4,7,0.571,5.0,3.4286,1.5714,0.448,0.4306,0.121,0.1081,0.081,0.0487,-9.7
2022-23,Nate Williams,POR,,24.0,5,126.5667,53,15,10,3,2,4,24,39,0.615,3,8,0.375,2,3,0.667,10.6,3.0,2.0,0.657,0.6538,0.139,0.1182,0.066,0.0903,-11.0
2022-23,Xavier Cooks,WAS,,27.0,10,125.7833,38,38,6,6,4,8,17,28,0.607,0,1,0.0,4,10,0.4,3.8,3.8,0.6,0.586,0.6071,0.127,0.0643,0.1593,0.198,7.4
2022-23,Jonathan Isaac,ORL,,25.0,11,124.035,55,44,6,14,4,4,22,53,0.415,6,15,0.4,5,9,0.556,5.0,4.0,0.5455,0.483,0.4717,0.198,0.0718,0.1826,0.0656,-5.8
2022-23,Jason Preston,LAC,,23.0,14,123.7683,41,22,27,2,0,10,18,41,0.439,5,18,0.278,0,2,0.0,2.9286,1.5714,1.9286,0.489,0.5,0.166,0.3019,0.116,0.1928,-1.6
2022-23,Shaquille Harrison,LAL,,29.0,5,119.9167,44,22,30,11,2,6,15,36,0.417,3,10,0.3,11,15,0.733,8.8,4.4,6.0,0.516,0.4583,0.162,0.3228,0.1043,0.1235,-0.4
2022-23,Meyers Leonard,MIL,,31.0,9,113.7383,43,34,1,2,0,6,14,29,0.483,7,18,0.389,8,9,0.889,4.7778,3.7778,0.1111,0.652,0.6034,0.14,0.0112,0.1503,0.154,-12.5
2022-23,Olivier Sarr,OKC,,24.0,9,113.6417,36,31,4,1,5,4,15,30,0.5,1,8,0.125,5,7,0.714,4.0,3.4444,0.4444,0.544,0.5167,0.13,0.0459,0.1396,0.1079,6.8
2022-23,Andre Iguodala,GSW,,39.0,8,112.5633,17,17,19,4,3,9,7,15,0.467,1,9,0.111,2,3,0.667,2.125,2.125,2.375,0.521,0.5,0.089,0.2055,0.083,0.3555,12.0
2022-23,Daniel Theis,IND,,31.0,7,108.8367,49,22,9,2,6,3,21,44,0.477,2,11,0.182,5,12,0.417,7.0,3.1429,1.2857,0.497,0.5,0.201,0.1246,0.1165,0.0574,-8.2
2022-23,A.J. Lawson,DAL,,22.0,15,108.2683,56,21,2,2,0,3,22,44,0.5,10,25,0.4,2,8,0.25,3.7333,1.4,0.1333,0.589,0.6136,0.189,0.0276,0.1077,0.0594,-20.1
2022-23,Justin Jackson,BOS,,28.0,23,107.4233,20,17,9,4,4,2,7,27,0.259,5,20,0.25,1,2,0.5,0.8696,0.7391,0.3913,0.359,0.3519,0.122,0.1052,0.0891,0.0669,-28.3
2022-23,Vince Williams Jr.,MEM,,22.0,15,104.59,30,15,4,6,2,5,12,40,0.3,4,28,0.143,2,2,1.0,2.0,1.0,0.2667,0.367,0.35,0.176,0.0487,0.0786,0.109,-14.8
2022-23,Josh Minott,MIN,,20.0,15,96.2233,46,25,5,4,6,3,18,36,0.5,2,6,0.333,8,8,1.0,3.0667,1.6667,0.3333,0.582,0.5278,0.176,0.0775,0.1463,0.0706,10.4
2022-23,Jay Huff,WAS,,25.0,7,94.9333,51,21,10,3,4,5,15,25,0.6,6,12,0.5,15,16,0.938,7.2857,3.0,1.4286,0.796,0.72,0.155,0.1464,0.1167,0.135,-1.1
2022-23,Joshua Primo,SAS,,20.0,4,93.3617,28,13,18,1,2,11,9,26,0.346,3,12,0.25,7,9,0.778,7.0,3.25,4.5,0.467,0.4038,0.173,0.25,0.0686,0.2686,1.7
2022-23,Greg Brown III,POR,,21.0,16,93.0917,28,19,3,4,5,6,11,28,0.393,1,7,0.143,5,12,0.417,1.75,1.1875,0.1875,0.421,0.4107,0.17,0.0436,0.1137,0.1527,-3.4
2022-23,Buddy Boeheim,DET,,23.0,10,90.1433,16,6,4,2,0,0,5,27,0.185,4,25,0.16,2,2,1.0,1.6,0.6,0.4,0.287,0.2593,0.131,0.0574,0.0344,0.0,2.7
2022-23,Jaden Springer,PHI,,20.0,16,89.2667,42,14,8,7,3,3,17,35,0.486,2,5,0.4,6,8,0.75,2.625,0.875,0.5,0.545,0.5143,0.188,0.1366,0.0987,0.0723,-2.1
2022-23,Justin Minaya,POR,,24.0,4,88.85,17,15,4,2,5,4,7,23,0.304,3,12,0.25,0,1,0.0,4.25,3.75,1.0,0.363,0.3696,0.123,0.0578,0.094,0.1458,-12.0
2022-23,Lindell Wigginton,MIL,,25.0,7,86.65,50,7,14,0,2,12,18,37,0.486,6,18,0.333,8,9,0.889,7.1429,1.0,2.0,0.61,0.5676,0.251,0.2306,0.0406,0.2266,-20.2
2022-23,Isaiah Mobley,CLE,,23.0,12,84.24,31,20,3,4,3,1,12,28,0.429,3,8,0.375,4,4,1.0,2.5833,1.6667,0.25,0.521,0.4821,0.166,0.0494,0.1344,0.0325,19.8
2022-23,Omer Yurtseven,MIA,,25.0,9,83.2317,40,23,2,2,2,4,16,27,0.593,3,7,0.429,5,6,0.833,4.4444,2.5556,0.2222,0.675,0.6481,0.159,0.0392,0.1653,0.1189,1.7
2022-23,Jordan Hall,SAS,,21.0,9,82.66,28,12,11,1,0,7,9,28,0.321,3,15,0.2,7,9,0.778,3.1111,1.3333,1.2222,0.438,0.375,0.197,0.1754,0.0715,0.1797,-13.1
2022-23,PJ Dozier,SAC,,26.0,16,79.3467,22,14,10,6,1,5,10,33,0.303,2,16,0.125,0,0,0.0,1.375,0.875,0.625,0.333,0.3333,0.203,0.1631,0.1012,0.1316,-12.9
2022-23,Jared Butler,OKC,,22.0,6,76.5283,37,4,8,5,0,5,15,32,0.469,7,14,0.5,0,0,0.0,6.1667,0.6667,1.3333,0.578,0.5781,0.208,0.1487,0.0267,0.1351,2.6
2022-23,Udonis Haslem,MIA,,43.0,7,72.1183,27,11,0,1,2,1,10,29,0.345,3,9,0.333,4,5,0.8,3.8571,1.5714,0.0,0.433,0.3966,0.185,0.0,0.0912,0.0311,-11.8
2022-23,Keon Ellis,SAC,,23.0,16,70.8633,24,8,6,5,1,1,7,16,0.438,6,12,0.5,4,7,0.571,1.5,0.5,0.375,0.629,0.625,0.124,0.1058,0.0648,0.0498,-14.3
2022-23,Jamaree Bouyea,MIA,,24.0,5,70.5383,15,6,4,4,2,4,6,14,0.429,2,6,0.333,1,2,0.5,3.0,1.2,0.8,0.504,0.5,0.12,0.0787,0.0509,0.2119,-13.2
2022-23,Trevelin Queen,PHI,,26.0,7,70.0,21,17,6,2,5,7,7,29,0.241,2,15,0.133,5,5,1.0,3.0,2.4286,0.8571,0.337,0.2759,0.194,0.1148,0.1529,0.1832,9.2
2022-23,Leandro Bolmaro,UTA,,22.0,14,68.4733,6,7,7,3,1,7,3,20,0.15,0,4,0.0,0,0,0.0,0.4286,0.5,0.5,0.15,0.15,0.155,0.1196,0.0455,0.2593,0.7
2022-23,Jack White,DEN,,25.0,17,66.0333,21,17,4,3,2,2,8,19,0.421,3,9,0.333,2,3,0.667,1.2353,1.0,0.2353,0.517,0.5,0.133,0.0777,0.1586,0.0896,-14.1
2022-23,JD Davison,BOS,,20.0,12,65.7067,19,9,11,2,2,4,8,19,0.421,2,7,0.286,1,2,0.5,1.5833,0.75,0.9167,0.478,0.4737,0.157,0.2263,0.0771,0.1675,-5.8
2022-23,Tyrese Martin,ATL,,24.0,16,65.54,21,12,2,1,0,2,9,23,0.391,1,7,0.143,2,2,1.0,1.3125,0.75,0.125,0.44,0.413,0.164,0.0397,0.1097,0.0773,2.3
2022-23,Ryan Rollins,GSW,,20.0,12,62.07,23,12,6,1,1,16,7,20,0.35,3,9,0.333,6,6,1.0,1.9167,1.0,0.5,0.508,0.425,0.26,0.1254,0.1063,0.4141,-38.1
2022-23,Isaiah Todd,WAS,,21.0,6,61.4,9,12,4,1,0,2,3,19,0.158,1,10,0.1,2,2,1.0,1.5,2.0,0.6667,0.226,0.1842,0.143,0.0786,0.1031,0.0914,-6.7
2022-23,Sam Merrill,CLE,,27.0,5,58.5167,25,9,5,4,0,0,9,22,0.409,5,18,0.278,2,2,1.0,5.0,1.8,1.0,0.546,0.5227,0.177,0.1204,0.0871,0.0,-3.3
2022-23,Carlik Jones,CHI,,25.0,7,55.97,20,5,6,2,0,2,6,15,0.4,3,6,0.5,5,8,0.625,2.8571,0.7143,0.8571,0.54,0.5,0.153,0.1446,0.0523,0.0975,20.7
2022-23,Gabe York,IND,,29.0,3,55.8317,24,6,5,2,0,0,8,21,0.381,6,18,0.333,2,2,1.0,8.0,2.0,1.6667,0.548,0.5238,0.173,0.1256,0.0619,0.0,17.4
2022-23,Devon Dotson,WAS,,23.0,6,53.1,3,10,8,5,0,3,1,10,0.1,1,4,0.25,0,0,0.0,0.5,1.6667,1.3333,0.15,0.15,0.102,0.1755,0.0993,0.2308,-5.7
2022-23,Micah Potter,UTA,,25.0,7,52.44,24,16,4,1,0,2,10,15,0.667,4,7,0.571,0,0,0.0,3.4286,2.2857,0.5714,0.8,0.8,0.121,0.1078,0.1359,0.1176,-4.2
2022-23,Facundo Campazzo,DAL,,32.0,8,52.1617,10,2,9,6,0,3,3,13,0.231,3,11,0.273,1,2,0.5,1.25,0.25,1.125,0.36,0.3462,0.144,0.2117,0.0213,0.1777,11.0
2022-23,Joe Wieskamp,TOR,,23.0,9,49.655,9,4,3,0,0,1,3,14,0.214,3,12,0.25,0,0,0.0,1.0,0.4444,0.3333,0.321,0.3214,0.115,0.0746,0.0498,0.0667,1.0
2022-23,Xavier Sneed,CHA,,25.0,4,48.2267,17,5,5,0,1,3,5,10,0.5,3,6,0.5,4,4,1.0,4.25,1.25,1.25,0.723,0.65,0.136,0.1361,0.0468,0.2033,-24.8
2022-23,Ron Harper Jr.,TOR,,23.0,9,47.5,20,7,4,0,1,0,8,16,0.5,3,9,0.333,1,1,1.0,2.2222,0.7778,0.4444,0.608,0.5938,0.136,0.12,0.0911,0.0,21.8
2022-23,Michael Carter-Williams,ORL,,31.0,4,44.4833,17,5,7,1,1,4,6,14,0.429,1,3,0.333,4,7,0.571,4.25,1.25,1.75,0.498,0.4643,0.191,0.2196,0.0578,0.1898,-32.4
2022-23,Cole Swider,LAL,,24.0,7,41.1383,9,7,4,0,0,0,3,9,0.333,3,8,0.375,0,0,0.0,1.2857,1.0,0.5714,0.5,0.5,0.089,0.1175,0.0967,0.0,3.3
2022-23,Mac McClung,PHI,,24.0,2,41.0667,25,10,9,0,0,3,9,20,0.45,4,11,0.364,3,5,0.6,12.5,5.0,4.5,0.563,0.55,0.243,0.3494,0.1533,0.119,19.6
2022-23,Jacob Gilyard,MEM,,24.0,1,40.7833,3,4,7,3,0,2,1,3,0.333,1,3,0.333,0,0,0.0,3.0,4.0,7.0,0.5,0.5,0.052,0.1962,0.0538,0.4,-14.9
2022-23,Kendall Brown,IND,,20.0,6,40.295,9,6,3,4,0,2,4,7,0.571,0,1,0.0,1,2,0.5,1.5,1.0,0.5,0.571,0.5714,0.093,0.0983,0.0858,0.2024,8.2
2022-23,Jarrell Brantley,UTA,,27.0,4,38.95,22,6,3,0,2,2,8,14,0.571,4,9,0.444,2,2,1.0,5.5,1.5,0.75,0.739,0.7143,0.172,0.1111,0.0686,0.1185,16.2
2022-23,Mfiondu Kabengele,BOS,,25.0,4,36.4333,6,10,0,2,0,1,2,7,0.286,0,3,0.0,2,2,1.0,1.5,2.5,0.0,0.381,0.2857,0.107,0.0,0.1545,0.1126,-6.9
2022-23,RaiQuan Gray,BKN,,23.0,1,35.0833,16,9,7,0,1,4,6,12,0.5,2,5,0.4,2,2,1.0,16.0,9.0,7.0,0.621,0.5833,0.205,0.3337,0.1591,0.237,-17.5
2022-23,Justin Champagnie,BOS,,22.0,5,34.2833,11,8,4,1,0,0,5,15,0.333,1,5,0.2,0,0,0.0,2.2,1.6,0.8,0.367,0.3667,0.188,0.163,0.1313,0.0,-9.5
2022-23,Tony Bradley,CHI,,25.0,12,33.365,19,11,1,1,1,1,6,12,0.5,3,5,0.6,4,4,1.0,1.5833,0.9167,0.0833,0.69,0.625,0.174,0.0448,0.1929,0.0678,9.9
2022-23,Scotty Pippen Jr.,LAL,,22.0,6,31.5167,14,4,2,2,1,2,4,12,0.333,1,3,0.333,5,9,0.556,2.3333,0.6667,0.3333,0.439,0.375,0.231,0.0821,0.0722,0.1114,-1.5
2022-23,Jay Scrubb,ORL,,22.0,2,30.1167,13,6,1,2,0,3,5,7,0.714,2,2,1.0,1,2,0.5,6.5,3.0,0.5,0.825,0.8571,0.151,0.0484,0.1025,0.2757,-28.5
2022-23,Alize Johnson,SAS,,27.0,4,29.5167,7,10,1,1,0,4,3,6,0.5,0,2,0.0,1,2,0.5,1.75,2.5,0.25,0.509,0.5,0.145,0.0442,0.1669,0.3676,19.0
2022-23,Louis King,PHI,,24.0,1,28.8,20,4,2,1,0,2,8,13,0.615,4,8,0.5,0,1,0.0,20.0,4.0,2.0,0.744,0.7692,0.205,0.1221,0.0874,0.1295,5.2
2022-23,Neemias Queta,SAC,,23.0,5,28.69,12,11,1,0,2,1,6,9,0.667,0,0,0.0,0,2,0.0,2.4,2.2,0.2,0.607,0.6667,0.141,0.0505,0.22,0.0919,-43.5
2022-23,Vernon Carey Jr.,UTA,,22.0,11,28.4833,6,11,3,2,2,2,2,8,0.25,0,0,0.0,2,2,1.0,0.5455,1.0,0.2727,0.338,0.25,0.147,0.1271,0.172,0.1838,-17.3
2022-23,Trevor Hudgins,HOU,,24.0,5,28.3333,9,0,3,0,0,1,2,9,0.222,2,8,0.25,3,3,1.0,1.8,0.0,0.6,0.436,0.3333,0.177,0.1333,0.0,0.0883,7.0
2022-23,Kobi Simmons,CHA,,25.0,5,27.7717,5,4,5,0,2,1,1,6,0.167,1,5,0.2,2,2,1.0,1.0,0.8,1.0,0.363,0.25,0.119,0.217,0.065,0.1269,-34.9
2022-23,Darius Days,HOU,,23.0,4,24.9833,15,6,1,0,1,0,5,12,0.417,3,10,0.3,2,2,1.0,3.75,1.5,0.25,0.582,0.5417,0.21,0.0602,0.1171,0.0,-0.2
2022-23,Sterling Brown,LAL,,28.0,4,24.3633,0,8,2,3,0,0,0,4,0.0,0,2,0.0,0,0,0.0,0.0,2.0,0.5,0.0,0.0,0.061,0.0912,0.1867,0.0,0.4
2022-23,Chance Comanche,POR,,27.0,1,20.7833,7,3,0,0,1,0,3,5,0.6,0,0,0.0,1,4,0.25,7.0,3.0,0.0,0.518,0.6,0.14,0.0,0.0804,0.0,-68.1
2022-23,Marko Simonovic,CHI,,23.0,7,19.5967,6,2,0,0,0,0,2,7,0.286,1,4,0.25,1,2,0.5,0.8571,0.2857,0.0,0.381,0.3571,0.145,0.0,0.0597,0.0,27.3
2022-23,Xavier Moon,LAC,,28.0,4,19.5667,7,3,5,0,0,1,3,9,0.333,1,3,0.333,0,0,0.0,1.75,0.75,1.25,0.389,0.3889,0.233,0.3576,0.1,0.1,9.8
2022-23,Lester Quiñones,GSW,,22.0,4,18.1167,10,3,2,1,0,5,2,5,0.4,2,4,0.5,4,6,0.667,2.5,0.75,0.5,0.654,0.6,0.283,0.1428,0.0911,0.3956,14.6
2022-23,Dereon Seabron,NOP,,23.0,5,11.6,4,1,0,0,0,0,2,5,0.4,0,0,0.0,0,0,0.0,0.8,0.2,0.0,0.4,0.4,0.156,0.0,0.0493,0.0,36.8
2022-23,Dylan Windler,CLE,,26.0,3,10.3833,5,0,1,1,0,1,2,3,0.667,1,2,0.5,0,0,0.0,1.6667,0.0,0.3333,0.833,0.8333,0.182,0.1435,0.0,0.25,4.4
2022-23,Malcolm Hill,CHI,,27.0,5,9.15,5,3,0,0,0,0,2,4,0.5,1,3,0.333,0,0,0.0,1.0,0.6,0.0,0.625,0.625,0.167,0.0,0.1918,0.0,39.1
2022-23,Braxton Key,DET,,26.0,3,9.1,4,1,0,0,0,0,1,1,1.0,0,0,0.0,2,2,1.0,1.3333,0.3333,0.0,1.064,1.0,0.091,0.0,0.0567,0.0,-4.5
2022-23,Tyler Dorsey,DAL,,27.0,3,8.25,9,2,0,0,0,0,4,5,0.8,1,2,0.5,0,0,0.0,3.0,0.6667,0.0,0.9,0.9,0.227,0.0,0.1346,0.0,7.0
2022-23,Trevor Keels,NYK,,19.0,3,8.04,3,2,0,0,0,0,1,4,0.25,1,4,0.25,0,0,0.0,1.0,0.6667,0.0,0.375,0.375,0.211,0.0,0.1519,0.0,-94.7
2022-23,Chima Moneke,SAC,,27.0,2,7.9317,2,2,1,0,0,2,1,2,0.5,0,0,0.0,0,2,0.0,1.0,1.0,0.5,0.347,0.5,0.25,0.1632,0.1447,0.4098,-57.2
2022-23,Deonte Burton,SAC,,29.0,2,6.4983,0,0,0,0,0,0,0,2,0.0,0,1,0.0,0,0,0.0,0.0,0.0,0.0,0.0,0.0,0.133,0.0,0.0,0.0,51.8
2022-23,Jordan Schakel,WAS,,25.0,2,6.2333,3,0,1,1,0,0,1,2,0.5,1,1,1.0,0,0,0.0,1.5,0.0,0.5,0.75,0.75,0.154,0.2238,0.0,0.0,50.0
2022-23,Alondes Williams,BKN,,24.0,1,5.2667,0,1,0,0,0,2,0,0,0.0,0,0,0.0,0,0,0.0,0.0,1.0,0.0,0.0,,0.143,0.0,0.1177,1.0,-53.0
2022-23,Frank Jackson,PHX,,25.0,1,5.05,0,2,1,0,0,0,0,3,0.0,0,1,0.0,0,0,0.0,0.0,2.0,1.0,0.0,0.0,0.25,0.22,0.2194,0.0,-22.2
2022-23,Donovan Williams,ATL,,21.0,2,4.25,4,2,0,0,0,0,2,5,0.4,0,2,0.0,0,0,0.0,2.0,1.0,0.0,0.4,0.4,0.385,0.0,0.282,0.0,60.0
2022-23,Chris Silva,ATL,,26.0,1,3.0167,2,0,0,0,0,1,1,1,1.0,0,0,0.0,0,0,0.0,2.0,0.0,0.0,1.0,1.0,0.25,0.0,0.0,0.5,12.5
2022-23,Stanley Umude,DET,,24.0,1,2.1167,2,0,0,1,1,0,0,1,0.0,0,1,0.0,2,2,1.0,2.0,0.0,0.0,0.532,0.0,0.5,0.0,0.0,0.0,95.0
2022-23,Michael Foster Jr.,PHI,,20.0,1,1.0333,0,0,0,0,0,0,0,0,0.0,0,0,0.0,0,0,0.0,0.0,0.0,0.0,0.0,,0.0,0.0,0.0,,-100.0
